username,first_name,last_name,street,house_number,postcode,birthdate,private_account,avatar_id,password,roles
cbasindale0,Cecilla,Basindale,Merry,82897,25045 CEDEX,2016-12-08,true,9,uz1T3O7zC,"[""ROLE_USER""]"
lcartmail1,Levi,Cartmail,Londonderry,7693,,2015-01-20,true,16,QxtNB3eI4Y,"[""ROLE_USER""]"
ssnary2,Susanetta,Snary,Banding,5863,,2010-10-15,false,14,ZFFY6VXLXvP,"[""ROLE_USER""]"
lhilldrop3,Lizzy,Hilldrop,Corben,24466,184653,2006-02-15,true,13,ajVZs3hSr,"[""ROLE_USER""]"
atozer4,Aloysia,Tozer,Gina,7,1972,2011-05-03,true,9,KeyAOO,"[""ROLE_USER""]"
rallcock5,Rollo,Allcock,Sheridan,0586,,2006-05-11,true,16,z0WPjREc6B,"[""ROLE_USER""]"
jitzakson6,Joachim,Itzakson,Sauthoff,1,396564,2009-02-15,true,12,VNlYAj6,"[""ROLE_USER""]"
ccrighton7,Costa,Crighton,Bartelt,856,4901,2003-03-23,true,9,ctmnqD3QP4LZ,"[""ROLE_USER""]"
ntregidgo8,Nate,Tregidgo,Shasta,881,,2000-12-04,true,18,mdoQfp2fGfoW,"[""ROLE_USER""]"
lbelone9,Lynna,Belone,Maple,4,,2012-05-24,true,4,Fl9QoVzmMh,"[""ROLE_USER""]"
slargenta,Salaidh,Largent,Cardinal,58407,,2010-10-28,false,13,2WpVo3X2Z2W,"[""ROLE_USER""]"
imcelvogueb,Isidro,McElvogue,Shopko,24058,40618,2006-06-16,true,15,efLEuDrlcN,"[""ROLE_USER""]"
adumphryc,Aileen,Dumphry,Fremont,80814,,2013-06-05,false,3,u2iT5xVrK2,"[""ROLE_USER""]"
ssotworthd,Sinclare,Sotworth,Oak Valley,7490,4508,2012-11-13,false,4,prQcJQuAB,"[""ROLE_USER""]"
kpeegreme,Kayla,Peegrem,Sage,5,655761,2007-03-16,false,7,q24xV5cz,"[""ROLE_USER""]"
hdonnerf,Hanan,Donner,Kipling,99525,692338,2006-12-08,true,2,58CGhzEBr,"[""ROLE_USER""]"
dhastwallg,Diana,Hastwall,Village,65,509 01,2000-06-19,false,4,JjVZWW9tJvp,"[""ROLE_USER""]"
atweenh,Abbey,Tween,Merry,63,96760-000,2002-10-12,true,3,5zDBsMW,"[""ROLE_USER""]"
ndobingi,Nadia,Dobing,Sage,51,291 21,2013-05-26,false,14,tUnqdc,"[""ROLE_USER""]"
yatlingj,Yoshi,Atling,Maryland,155,,2023-03-08,true,14,i4cflDw,"[""ROLE_USER""]"
dstainesk,Dennet,Staines,Macpherson,6,216486,2018-01-17,false,20,BjdzPYCLcv5,"[""ROLE_USER""]"
bbaitsonl,Brett,Baitson,Jenifer,85,,2007-08-05,true,3,GZ40lfNGS3dO,"[""ROLE_USER""]"
chaseleym,Cassondra,Haseley,Glendale,8,,2004-04-25,false,7,pA1xZ3Bm6dK,"[""ROLE_USER""]"
cdesortsn,Casey,Desorts,Memorial,373,,2002-09-08,false,10,w1UbnbVq9,"[""ROLE_USER""]"
mdeebleo,Malchy,Deeble,Larry,9,,2000-01-17,true,2,rFPE5Ie,"[""ROLE_USER""]"
gdovermannp,Giavani,Dovermann,Logan,3662,91229 CEDEX,2009-12-02,true,13,J1sM5ncHAmV,"[""ROLE_USER""]"
ablucherq,Alair,Blucher,Valley Edge,956,4625-220,2009-01-20,true,11,tolYHtehL,"[""ROLE_USER""]"
adickier,Andee,Dickie,Ramsey,43,L9T,2016-10-10,true,12,LI8sKe7gT8Qc,"[""ROLE_USER""]"
smcwhins,Stanley,McWhin,Kenwood,23,,2009-06-07,false,20,8SX9Irp9V0,"[""ROLE_USER""]"
mflipst,Morton,Flips,Huxley,5340,,2022-10-13,true,20,dReURjg,"[""ROLE_USER""]"
gtrammelu,Gerardo,Trammel,Oxford,38,,2011-11-28,true,11,mc6Z4izkncB,"[""ROLE_USER""]"
mkindlesidev,Merle,Kindleside,Westridge,2837,,1999-01-10,true,18,CiSyvHzFy,"[""ROLE_USER""]"
nmoynew,Nerita,Moyne,Springs,728,,2022-03-28,true,1,GBGL4VC48,"[""ROLE_USER""]"
jlameyx,Jae,Lamey,Drewry,23,2104,2005-04-21,false,13,0jvZQjC3s,"[""ROLE_USER""]"
schickeny,Sapphira,Chicken,Paget,199,74-320,2022-03-13,true,7,LcXoRzQ3,"[""ROLE_USER""]"
hhirthez,Hadria,Hirthe,Algoma,77886,,2003-08-18,true,13,kxXyIxq3tq,"[""ROLE_USER""]"
lilyuchyov10,Leora,Ilyuchyov,Schiller,1418,,2019-05-02,true,1,LQLimwMgQz7O,"[""ROLE_USER""]"
tmowen11,Tadio,Mowen,Forster,4,,2007-11-08,true,11,YrpETfn1mT,"[""ROLE_USER""]"
tmcmearty12,Taryn,McMearty,Dwight,4701,94132,2001-03-10,false,15,Si1Vbb,"[""ROLE_USER""]"
fcovely13,Fulvia,Covely,Nevada,2789,8118,2008-01-06,false,4,MRIsyjYrr,"[""ROLE_USER""]"
gtooker14,Giffy,Tooker,Manley,88,,2001-09-20,false,9,XA7e4Ss6K,"[""ROLE_USER""]"
aalleyn15,Aurelea,Alleyn,Lakewood,11,,2020-03-12,false,18,nywzTtOgiJF,"[""ROLE_USER""]"
vcoultish16,Viviene,Coultish,Nova,7,,2017-09-22,false,16,jBs4CYeg,"[""ROLE_USER""]"
scritchley17,Seymour,Critchley,Northview,2,,2013-01-29,true,15,HRPw09C,"[""ROLE_USER""]"
lklemmt18,Lauretta,Klemmt,Miller,89185,,2016-10-02,false,6,4qlKu0V1Q,"[""ROLE_USER""]"
tcarus19,Theobald,Carus,Vernon,04,3405-354,2020-08-29,false,4,KBppOyyuc1,"[""ROLE_USER""]"
cmews1a,Cornelius,Mews,Roxbury,736,,2019-04-25,false,12,PZATiPN3Eg,"[""ROLE_USER""]"
shaylands1b,Stevy,Haylands,Burrows,1486,403 35,2011-11-28,false,12,8C6n10,"[""ROLE_USER""]"
hstarr1c,Haleigh,Starr,Basil,013,,2010-08-10,true,1,iiL0CzVm7,"[""ROLE_USER""]"
agribben1d,Alia,Gribben,Transport,195,6540,2006-09-15,true,10,K8cfuW,"[""ROLE_USER""]"
fmcginn1e,Felice,McGinn,Dexter,97227,052038,2007-02-08,true,13,fOba8Q4cX,"[""ROLE_USER""]"
dcoveley1f,Darius,Coveley,Fair Oaks,04152,,1999-12-03,false,10,La6CbTxyXl5,"[""ROLE_USER""]"
scauser1g,Scott,Causer,Mcbride,480,8521,2009-10-21,true,4,kDX7bV8XHRD3,"[""ROLE_USER""]"
bstave1h,Benji,Stave,Hoepker,523,,1999-06-11,false,16,InyKgcdXTZv,"[""ROLE_USER""]"
gdufoure1i,Goldy,Dufoure,Veith,38,,2005-05-24,true,2,iTO4B2,"[""ROLE_USER""]"
ebalnaves1j,Emelda,Balnaves,Browning,30367,,1999-12-30,false,13,JyVlhjhQbzM,"[""ROLE_USER""]"
thryniewicki1k,Tomas,Hryniewicki,Starling,441,346812,2016-12-24,true,13,mKZ6p3l4nwd,"[""ROLE_USER""]"
mrittmeier1l,Matelda,Rittmeier,Clyde Gallagher,22,89856-000,2016-08-17,true,10,rsbHrZ6Kk,"[""ROLE_USER""]"
ghumbatch1m,Glenden,Humbatch,Spaight,0,764517,2014-09-13,false,16,uAH60gVUUuhR,"[""ROLE_USER""]"
lcowell1n,Lyndsey,Cowell,Esker,08629,35364,2019-07-07,false,13,K3QeQhz6xjV,"[""ROLE_USER""]"
clinwood1o,Cynthy,Linwood,Ryan,5,,2021-02-15,false,1,GKzYTWl34oxI,"[""ROLE_USER""]"
aelsbury1p,Anetta,Elsbury,Vera,06,4635-115,2002-04-17,true,10,Ug0llE7x4JZy,"[""ROLE_USER""]"
natyeo1q,Nissy,Atyeo,Bartelt,991,613470,2005-06-10,false,11,rUvQpw4vITaf,"[""ROLE_USER""]"
hstenbridge1r,Hildagarde,Stenbridge,Briar Crest,9596,3351,2006-11-03,false,12,x1jueBW6oxC,"[""ROLE_USER""]"
lbalazot1s,Lucie,Balazot,Sauthoff,8,,2017-09-04,true,18,TspgHyK,"[""ROLE_USER""]"
mfairfoull1t,Mata,Fairfoull,Moulton,9,,2005-03-30,false,2,8BdwW9o9,"[""ROLE_USER""]"
fbattista1u,Florencia,Battista,Stone Corner,9751,0264,2001-11-07,false,16,e5mOpmmu,"[""ROLE_USER""]"
fcrothers1v,Faye,Crothers,Twin Pines,134,2709,2016-09-04,true,4,cAchvuTHAsD,"[""ROLE_USER""]"
kdarracott1w,Kynthia,Darracott,Almo,774,98-231,2013-09-13,true,20,ybVP5x,"[""ROLE_USER""]"
ltittershill1x,Lorri,Tittershill,Barby,38299,,2013-11-29,false,11,68fUGNpZr,"[""ROLE_USER""]"
ddoers1y,Darcee,Doers,Dryden,12372,2590-431,2019-01-23,true,17,YAPaPNHd,"[""ROLE_USER""]"
vinseal1z,Val,Inseal,Debra,8,,2005-05-16,true,15,53m2rpw16NFJ,"[""ROLE_USER""]"
rwhittick20,Reuven,Whittick,Hazelcrest,7439,32801,2001-05-06,true,15,kBToSlZDfKLe,"[""ROLE_USER""]"
plemarie21,Padraig,Lemarie,Michigan,71194,,2012-08-31,true,13,INsTJjujIA,"[""ROLE_USER""]"
lloddon22,Lissie,Loddon,Burrows,439,5411,2006-09-08,false,5,j5G0KOfiGf,"[""ROLE_USER""]"
cinglis23,Carolee,Inglis,Starling,7846,662327,2008-10-04,false,5,xtyTfcz729t,"[""ROLE_USER""]"
ajewsbury24,Audra,Jewsbury,Arrowood,5548,BH21,2021-11-21,false,9,dY6Xpvjz0V,"[""ROLE_USER""]"
kviollet25,Krishna,Viollet,Bluejay,3769,4116,2004-07-28,true,5,3O5V5b3fll0k,"[""ROLE_USER""]"
ndoohey26,Noah,Doohey,Delaware,0,,2022-02-21,false,15,RPtcfhI8ur,"[""ROLE_USER""]"
edodworth27,Emera,Dodworth,Sunnyside,294,,2020-12-25,false,17,K4GT6mavy,"[""ROLE_USER""]"
agriniov28,Ashil,Griniov,Ruskin,0,23161,1999-11-20,true,13,oivfzrjQMc,"[""ROLE_USER""]"
edinis29,Elvin,Dinis,Village Green,7508,19125,2013-03-18,false,15,iCOsl4k7AcoC,"[""ROLE_USER""]"
ahuggill2a,Aluin,Huggill,Mallard,168,,2021-03-21,true,15,P4dLgybs32r,"[""ROLE_USER""]"
bstancliffe2b,Brietta,Stancliffe,Glacier Hill,761,,2012-08-17,true,8,PjtURQPGUZ0B,"[""ROLE_USER""]"
btousy2c,Boyce,Tousy,Delaware,2401,404109,1999-09-26,false,12,TAnPC3NeHwqs,"[""ROLE_USER""]"
alewry2d,Artemus,Lewry,Arapahoe,379,349-1104,2013-01-31,false,4,zu22gm,"[""ROLE_USER""]"
turry2e,Theressa,Urry,Vera,9088,,2007-05-23,false,20,e88CQ2SG,"[""ROLE_USER""]"
klifton2f,Kennedy,Lifton,Armistice,48,650,2019-03-11,true,13,m35BqCcD3u,"[""ROLE_USER""]"
ncorpes2g,Nerte,Corpes,Maple Wood,908,,2002-09-14,false,19,JL2OATD,"[""ROLE_USER""]"
efasson2h,Elli,Fasson,Tony,2,,2007-02-06,false,3,DbS2BcXy,"[""ROLE_USER""]"
ecofax2i,Ema,Cofax,Manley,5929,1774,2006-11-20,true,3,JglI6k,"[""ROLE_USER""]"
gguite2j,Gan,Guite,Sachtjen,68959,,2020-06-10,true,13,jDQc7Nv8KI1k,"[""ROLE_USER""]"
cruncieman2k,Cammi,Runcieman,Spenser,34,,2002-05-03,true,16,Vop7IEnudVG,"[""ROLE_USER""]"
aclague2l,Anabal,Clague,Kropf,6,6262,2016-01-30,true,5,FebDmFYf,"[""ROLE_USER""]"
jcockett2m,Joanna,Cockett,Knutson,13,,2002-03-10,true,17,U48TT4h,"[""ROLE_USER""]"
acollcott2n,Amelia,Collcott,Mockingbird,2477,43211,2012-11-27,false,11,GxbXuF4z2G,"[""ROLE_USER""]"
dkondratovich2o,Daffie,Kondratovich,Eagan,0,0815,2019-01-30,false,11,NBLdsEIepWy,"[""ROLE_USER""]"
bbrehault2p,Bayard,Brehault,Leroy,97824,,2019-11-04,false,7,zjY77E,"[""ROLE_USER""]"
emungan2q,Eberhard,Mungan,Trailsway,5,60804 CEDEX,2005-08-22,true,3,tg9QCHHjd,"[""ROLE_USER""]"
bvogl2r,Berti,Vogl,Helena,0,,2013-06-14,false,8,myblwMvo81l,"[""ROLE_USER""]"
awiltshire2s,Adan,Wiltshire,Debs,30,,2013-08-09,true,10,YMAk7Nxzdx,"[""ROLE_USER""]"
ecoverlyn2t,Esmeralda,Coverlyn,Tennyson,19519,,2016-11-09,false,16,jHPj2Ujws,"[""ROLE_USER""]"
hgissop2u,Hayward,Gissop,Eagan,16091,,2001-01-24,false,20,uEdXwdf2mp,"[""ROLE_USER""]"
cbutterwick2v,Constantine,Butterwick,Delaware,209,,2004-05-09,true,17,kaVpu98rHmoh,"[""ROLE_USER""]"
dborless2w,De,Borless,Bunker Hill,9699,662037,2022-12-27,false,6,EmYM2t8hJ3lu,"[""ROLE_USER""]"
bextil2x,Bren,Extil,Laurel,73,4455-794,2016-03-03,false,11,8tY8xsLG84T,"[""ROLE_USER""]"
mkidson2y,Mitzi,Kidson,Talisman,6351,,2019-11-17,false,7,KskxI1w,"[""ROLE_USER""]"
dlawden2z,Dorothea,Lawden,Service,38894,,2003-08-26,true,12,TB8Tiau,"[""ROLE_USER""]"
hthorpe30,Hayley,Thorpe,Jenifer,45,47-430,2012-03-30,false,4,gySDrc50dtC8,"[""ROLE_USER""]"
rbrolly31,Ryun,Brolly,Farragut,4,75110,2020-07-28,true,15,22gxZ52U,"[""ROLE_USER""]"
stawn32,Sheffy,Tawn,Melby,5,K78,2004-09-22,true,20,uJGMRxpskXe,"[""ROLE_USER""]"
tcabell33,Tremain,Cabell,Kropf,03949,,2022-08-29,false,14,LqWOzK4z3gN,"[""ROLE_USER""]"
fzanioletti34,Frasco,Zanioletti,Cardinal,77,182157,2016-06-25,false,20,TXGsuKieGkT,"[""ROLE_USER""]"
mdockwra35,Maribeth,Dockwra,Haas,81705,,2015-07-01,true,15,6DpIkePcCuN,"[""ROLE_USER""]"
lyousef36,Laetitia,Yousef,Knutson,78,,2017-10-15,false,7,t0nPwl6Y,"[""ROLE_USER""]"
askellen37,Audy,Skellen,Melrose,72823,142143,2017-12-29,true,1,GPtl9VrXyjK,"[""ROLE_USER""]"
mdearan38,Mord,Dearan,Stuart,5204,,2013-12-14,true,13,dcAkxE9xa,"[""ROLE_USER""]"
oirwin39,Onfroi,Irwin,Moland,38,5829,2001-12-03,false,9,mC41PF,"[""ROLE_USER""]"
rfildery3a,Reena,Fildery,Schlimgen,630,981 31,2012-04-11,false,10,GTY3hsYYm,"[""ROLE_USER""]"
phoolaghan3b,Paulette,Hoolaghan,Washington,391,29980-000,2013-03-21,true,8,nYXJj0zWCTF,"[""ROLE_USER""]"
bschermick3c,Borden,Schermick,Monterey,8935,,2019-01-31,false,2,JhhcjNYhbVW0,"[""ROLE_USER""]"
dbrigg3d,Davida,Brigg,Randy,344,4600-596,2016-01-14,false,2,BZjD1bOT,"[""ROLE_USER""]"
svinker3e,Sondra,Vinker,Mockingbird,57,30150,1999-01-19,true,2,yUglK6c6dp1,"[""ROLE_USER""]"
kaddicote3f,Katusha,Addicote,Sycamore,7272,,2022-10-13,true,5,oi0L3MCA,"[""ROLE_USER""]"
ssnoday3g,Shepherd,Snoday,Armistice,9250,40510,2021-12-26,true,13,mpIcUxT,"[""ROLE_USER""]"
lmartina3h,Lorens,Martina,Manufacturers,75,5590,2015-09-21,false,7,CiKD7zRE9oAP,"[""ROLE_USER""]"
ffollet3i,Freddie,Follet,Village,63,13315-000,2001-04-21,false,18,gYC6238dN,"[""ROLE_USER""]"
lbahlmann3j,Lorraine,Bahlmann,Mifflin,97042,6201,2012-01-05,true,11,SAL3FG1,"[""ROLE_USER""]"
cdidello3k,Currey,Di Dello,Mallard,166,,1998-12-03,false,17,AYlnKt,"[""ROLE_USER""]"
bkippie3l,Byram,Kippie,Kipling,6,,2015-11-07,true,19,vEzPrJgmj,"[""ROLE_USER""]"
dech3m,Donal,Ech,Logan,08,,1999-08-01,true,14,eStp8A5,"[""ROLE_USER""]"
ychaudrelle3n,Yvor,Chaudrelle,Crowley,9841,,2020-04-07,false,15,9qrQqjp2,"[""ROLE_USER""]"
kcaush3o,Kathleen,Caush,Towne,630,,2019-10-02,true,13,nQ06WWeN9XY,"[""ROLE_USER""]"
bblackadder3p,Billie,Blackadder,Norway Maple,6,,2005-01-11,false,11,MGwBOJN9,"[""ROLE_USER""]"
droughsedge3q,Deeann,Roughsedge,Susan,4311,705039,2015-01-13,true,9,3hmhfRVnZ,"[""ROLE_USER""]"
astollenwerck3r,Antonella,Stollenwerck,Bobwhite,4596,,2014-08-03,true,3,GSCadoQkj1,"[""ROLE_USER""]"
cbernollet3s,Currie,Bernollet,Maple Wood,974,,2009-12-27,true,11,YcvxbcNXNyg,"[""ROLE_USER""]"
chargess3t,Callean,Hargess,Jana,8477,,2000-05-17,false,11,1KivwC7W,"[""ROLE_USER""]"
ldotterill3u,Lorrie,Dotterill,Anthes,2854,44900-000,2021-06-25,false,8,uNYflTdQD,"[""ROLE_USER""]"
cmolines3v,Chickie,Molines,Talisman,88363,,2013-07-17,false,12,rm0WVp,"[""ROLE_USER""]"
gsleet3w,Gianina,Sleet,7th,7,,2013-10-28,true,18,Goa5x7WGxdl,"[""ROLE_USER""]"
aortas3x,Addison,Ortas,Prentice,2,,2010-02-16,true,2,BDUwDw9,"[""ROLE_USER""]"
ddennerly3y,Danya,Dennerly,Clarendon,443,352835,2007-03-31,true,20,lVpDww6E,"[""ROLE_USER""]"
ebrangan3z,Elvina,Brangan,Shopko,9876,,2014-06-25,false,5,USsnRr,"[""ROLE_USER""]"
swoodman40,Sheppard,Woodman,Hazelcrest,322,453150,2017-09-16,false,2,dBPkZFATZs,"[""ROLE_USER""]"
saldridge41,Stirling,Aldridge,Kings,6928,,1999-04-09,true,9,Va6NPtIqYhZ,"[""ROLE_USER""]"
lheintz42,Lilith,Heintz,Clyde Gallagher,916,664 43,2023-02-08,false,16,0qIaehea,"[""ROLE_USER""]"
nrevan43,Nickolaus,Revan,Iowa,336,95690-000,2009-01-24,false,15,8IHspaZF,"[""ROLE_USER""]"
mcaulliere44,Meris,Caulliere,Village Green,8304,,2004-06-16,true,20,Kg53R9wXg,"[""ROLE_USER""]"
lmccarter45,Lil,McCarter,Graceland,58,44511,2000-03-23,false,2,pw1Vwbi,"[""ROLE_USER""]"
mbaynes46,Myrwyn,Baynes,Delaware,26,9506,2003-03-03,false,18,SsqKpEsETvq,"[""ROLE_USER""]"
srylstone47,Sigfried,Rylstone,Nevada,152,,2003-04-15,true,12,pn8220c1,"[""ROLE_USER""]"
rspada48,Rudie,Spada,Dovetail,68,8508,2001-10-27,false,9,wvKBwTEiRG,"[""ROLE_USER""]"
mrosoman49,Michel,Rosoman,West,23,,2014-04-03,false,9,v2i1L2x,"[""ROLE_USER""]"
esterricks4a,Elnora,Sterricks,Basil,4,,2003-01-09,true,10,x5wH18v,"[""ROLE_USER""]"
twesker4b,Tierney,Wesker,Hagan,05,63-830,1999-02-23,false,13,du4JVveT4ID,"[""ROLE_USER""]"
dbrammar4c,Dina,Brammar,5th,75,9215,2000-07-23,false,1,ZLukmbThaAj6,"[""ROLE_USER""]"
lahearne4d,Lindsey,Ahearne,Mifflin,5263,5809,2008-09-16,false,8,0asw1jC,"[""ROLE_USER""]"
wcramp4e,Weider,Cramp,Talmadge,0974,,2006-09-04,false,16,CQ3948ncTvX,"[""ROLE_USER""]"
sfurmonger4f,Samuele,Furmonger,Claremont,94324,,2010-12-22,true,5,iU2bTFo6Sz,"[""ROLE_USER""]"
shritzko4g,Stu,Hritzko,Algoma,1093,,2009-12-11,true,15,iUYUFb,"[""ROLE_USER""]"
sproffitt4h,Sallyanne,Proffitt,Hermina,835,,2009-12-12,false,19,i5gxCE,"[""ROLE_USER""]"
claxson4i,Callida,Laxson,Northview,987,20520,2007-01-01,true,6,9CrFfl8G,"[""ROLE_USER""]"
pbevens4j,Patty,Bevens,Canary,984,9840,2020-01-12,true,16,9RvL7BIpYb,"[""ROLE_USER""]"
bprosek4k,Byrann,Prosek,Kings,149,623036,2003-11-30,true,15,6es47P2,"[""ROLE_USER""]"
lharower4l,Lari,Harower,Sachs,7145,,2016-11-14,false,18,Qh2S711L,"[""ROLE_USER""]"
cgedge4m,Cori,Gedge,Service,8402,,2005-11-16,true,8,6ct4dKIa6,"[""ROLE_USER""]"
arathborne4n,Andria,Rathborne,Anniversary,68,,2001-12-08,true,7,rqpgzPK,"[""ROLE_USER""]"
llaing4o,Lavina,Laing,Eagan,1707,4000,2011-11-27,false,19,QOagsN,"[""ROLE_USER""]"
mvertigan4p,Miner,Vertigan,Sutherland,8,1105,2021-04-15,true,2,INabfd2bRhJ,"[""ROLE_USER""]"
mbernadon4q,Madelin,Bernadon,Namekagon,93,1239,2011-06-21,false,9,DMMJI2A0wke,"[""ROLE_USER""]"
cborg4r,Cecilla,Borg,East,3706,6227,2003-06-11,false,17,TCh3m50jG,"[""ROLE_USER""]"
cockland4s,Carrissa,Ockland,Anzinger,2773,051457,2008-05-17,true,13,SeF12G,"[""ROLE_USER""]"
rsheahan4t,Ronica,Sheahan,Mayfield,28288,G5R,1999-04-01,true,8,jGh5zsgJZa,"[""ROLE_USER""]"
bbransdon4u,Bobbe,Bransdon,Mcbride,1,,2022-04-26,false,14,vjpej8xlTKI,"[""ROLE_USER""]"
wkapelhoff4v,Wilt,Kapelhoff,Onsgard,398,4407,2011-12-19,false,7,zObhGVsl,"[""ROLE_USER""]"
fspadari4w,Finlay,Spadari,Lukken,078,309135,2009-07-12,false,5,pRPtpwjiR,"[""ROLE_USER""]"
cjansson4x,Calida,Jansson,Mayer,28,11910,2008-03-12,false,9,IkX0GOim,"[""ROLE_USER""]"
asuckling4y,Andi,Suckling,Schmedeman,14,,2016-02-28,true,1,NxmxeF,"[""ROLE_USER""]"
ggotthard4z,Gregor,Gotthard,Lien,12,427985,2014-03-10,false,20,NgfnZG,"[""ROLE_USER""]"
ffeeham50,Florie,Feeham,Beilfuss,78834,29730-000,2001-10-26,true,1,V9gUOY,"[""ROLE_USER""]"
ghazelby51,Gregorio,Hazelby,Homewood,214,R21,2008-05-20,true,15,nPu3SG9TD,"[""ROLE_USER""]"
tallabush52,Tadeas,Allabush,Tennyson,6528,,2002-04-14,true,3,N5y6vYCe,"[""ROLE_USER""]"
hviccary53,Hildegaard,Viccary,Sundown,5,09-101,1999-10-09,false,20,VPGW8t,"[""ROLE_USER""]"
rvader54,Raina,Vader,Grim,46564,,2019-04-23,true,4,GGgMkNr8,"[""ROLE_USER""]"
mdowding55,Malia,Dowding,Chive,409,7300-655,2023-02-27,true,20,F8o7pPxH,"[""ROLE_USER""]"
jmibourne56,Jan,Mibourne,Grayhawk,18457,27717,1999-01-31,true,16,Yz02orXgu,"[""ROLE_USER""]"
wpride57,Willabella,Pride,Warbler,9,,2000-10-05,false,18,uRbjUKr1itNQ,"[""ROLE_USER""]"
amarxsen58,Annissa,Marxsen,Redwing,55875,27404,2009-11-18,true,19,RkNcTXP,"[""ROLE_USER""]"
egavagan59,Euphemia,Gavagan,Del Sol,8235,,2018-06-25,true,17,oiEhnIB,"[""ROLE_USER""]"
msaiens5a,Mireielle,Saiens,Hagan,8917,,2022-03-23,false,15,QfRdmW,"[""ROLE_USER""]"
dinkle5b,Danyelle,Inkle,Sunfield,923,1211,2011-05-02,false,20,FOWvmLgi,"[""ROLE_USER""]"
glightowler5c,Garvey,Lightowler,School,8705,69624 CEDEX,2019-01-29,true,9,WQKpUoOe5IT,"[""ROLE_USER""]"
wjelk5d,Wakefield,Jelk,Kingsford,31328,,2018-11-30,true,17,5lVbQx,"[""ROLE_USER""]"
tmurray5e,Tally,Murray,Little Fleur,2,,2023-03-09,true,4,JKPFv3X46,"[""ROLE_USER""]"
dpardy5f,Drugi,Pardy,Schiller,90834,969-1783,2013-09-24,false,15,Gpfd3U,"[""ROLE_USER""]"
vastie5g,Vasili,Astie,Vidon,303,38-420,2017-04-16,false,3,hIYQDFADFW,"[""ROLE_USER""]"
cbeckmann5h,Caren,Beckmann,Pierstorff,0191,,1999-05-11,true,1,mAYvL9E7k,"[""ROLE_USER""]"
wmatus5i,Whit,Matus,Sunfield,39168,,2013-05-01,true,1,vxxcrOKrL,"[""ROLE_USER""]"
aboutton5j,Ann-marie,Boutton,Brentwood,1660,6344,1999-01-09,true,15,Q86zaWQ1WJf,"[""ROLE_USER""]"
dkeson5k,Dominique,Keson,American Ash,2603,,2012-10-09,true,14,AxLyg4Tl,"[""ROLE_USER""]"
blusk5l,Bartolemo,Lusk,4th,9,84409,2021-03-19,false,14,U79Qct,"[""ROLE_USER""]"
tricci5m,Tammie,Ricci,Reindahl,5,,2012-10-03,true,3,4XGDe9QaauM,"[""ROLE_USER""]"
lboskell5n,Lilla,Boskell,Bobwhite,062,,2018-10-29,false,8,sWuiAdedwMa3,"[""ROLE_USER""]"
mgendricke5o,Merci,Gendricke,Jenifer,63,,2005-11-11,true,13,gjF9oHdte,"[""ROLE_USER""]"
sduffill5p,Samara,Duffill,Sage,3,,2005-09-20,true,15,Vw1VTEI,"[""ROLE_USER""]"
slottrington5q,Saxe,Lottrington,Scott,48363,,1999-02-24,false,3,YXmcQS9epI,"[""ROLE_USER""]"
bredmile5r,Brana,Redmile,Oneill,0,0984,2005-06-17,true,19,3ARoCT,"[""ROLE_USER""]"
nanthon5s,Nadine,Anthon,1st,85,,2000-05-06,true,6,h3hRS6a,"[""ROLE_USER""]"
edaveran5t,Eda,Daveran,Fisk,39145,,2012-06-04,true,20,DSUedjj,"[""ROLE_USER""]"
adoyly5u,Agata,D'Oyly,Kropf,7647,37960,2005-11-17,false,12,HSGSM0,"[""ROLE_USER""]"
fsemeniuk5v,Faith,Semeniuk,Merchant,0,43270,2015-07-05,false,7,NcElAAcDU1G4,"[""ROLE_USER""]"
ohowle5w,Ozzie,Howle,Charing Cross,44839,05-230,2016-05-25,true,1,IrG1nfHC,"[""ROLE_USER""]"
nfullard5x,Norry,Fullard,Larry,928,356235,2000-07-31,false,11,dAakN7bEtG,"[""ROLE_USER""]"
pfitzpayn5y,Patrizia,Fitzpayn,Manufacturers,1501,,2015-03-29,false,15,GwZeJD9yJPU,"[""ROLE_USER""]"
rsybe5z,Ronalda,Sybe,Clove,10336,,2001-02-01,true,2,mjaSddzFW0,"[""ROLE_USER""]"
mdurber60,Marijo,Durber,Sherman,9,,1999-08-08,false,7,WVzH7pa2,"[""ROLE_USER""]"
awebsdale61,Ara,Websdale,Bonner,009,,2003-05-16,false,11,fZrO7BjEI61m,"[""ROLE_USER""]"
mrivlin62,Madeline,Rivlin,Eagle Crest,510,2607,2022-06-14,false,17,MeturIk,"[""ROLE_USER""]"
jcutchie63,Jens,Cutchie,Northport,1040,,2010-03-17,true,20,lm031W,"[""ROLE_USER""]"
dcolegrove64,Delphinia,Colegrove,Petterle,40,43-378,2018-06-19,false,13,0YIrw1oxz4kI,"[""ROLE_USER""]"
bwinckle65,Brade,Winckle,Thompson,93346,,2001-09-25,true,12,lWOB3onH,"[""ROLE_USER""]"
mfiddian66,Melissa,Fiddian,John Wall,075,9103,2005-06-05,true,13,mgRPhqM,"[""ROLE_USER""]"
sscotts67,Silva,Scotts,Donald,1976,6217,2001-06-04,false,9,XNTzNSfTIXd,"[""ROLE_USER""]"
jcrew68,Jennie,Crew,Dunning,48,,2022-04-13,false,15,arvAaiRbH3o,"[""ROLE_USER""]"
adaud69,Alisander,Daud,Briar Crest,7467,6270,2000-05-27,false,5,ngC5bDVq,"[""ROLE_USER""]"
mpoulsum6a,Margy,Poulsum,Moose,3347,,2002-11-10,true,6,oy5etzLQle,"[""ROLE_USER""]"
cbeldon6b,Corabella,Beldon,Annamark,5134,,2018-01-06,false,9,TwDTuftY,"[""ROLE_USER""]"
kdisbrow6c,Katee,Disbrow,Anhalt,870,63-640,2014-07-14,false,19,7Yb5qOGmr,"[""ROLE_USER""]"
rarnaudot6d,Rosette,Arnaudot,Lyons,8250,78294 CEDEX,2012-08-20,false,2,mWEKwA1,"[""ROLE_USER""]"
jbalogun6e,Jenelle,Balogun,Hoepker,82,,2017-09-14,true,1,PDwhbrI,"[""ROLE_USER""]"
btremblett6f,Brendan,Tremblett,Bashford,751,94209 CEDEX,2003-09-28,true,3,NalNhSW,"[""ROLE_USER""]"
ddibbert6g,Danya,Dibbert,Reinke,612,,2006-06-30,false,14,mDtPuaQwXnS,"[""ROLE_USER""]"
hdescroix6h,Hayley,Descroix,Donald,0786,,2009-08-06,false,4,WL0SyIQ,"[""ROLE_USER""]"
fpaullin6i,Feodora,Paullin,South,8119,,2009-03-05,false,16,njzgRfYWi,"[""ROLE_USER""]"
icottell6j,Iolanthe,Cottell,Dwight,35628,,2008-07-11,true,16,Dp6AM8,"[""ROLE_USER""]"
dthowes6k,Dan,Thowes,Crest Line,5418,57-201,2016-08-08,true,3,bYQzACwrHL,"[""ROLE_USER""]"
swinterson6l,Sydney,Winterson,Pawling,25,5445-072,2008-07-24,false,1,t2juFXU,"[""ROLE_USER""]"
sboddam6m,Shelby,Boddam,Utah,1333,69880-000,2022-03-19,true,4,FQ47Sts,"[""ROLE_USER""]"
otimewell6n,Ozzy,Timewell,Fairview,11,43-503,2013-02-25,true,11,kPUIoO1gRR,"[""ROLE_USER""]"
jsoppett6o,Jyoti,Soppett,Elmside,2,3453,2000-09-20,false,2,Eq72h2TrMp,"[""ROLE_USER""]"
ghutchinson6p,Griffin,Hutchinson,Killdeer,6,2750-109,2016-08-14,true,15,PmTEL2,"[""ROLE_USER""]"
cbeaglehole6q,Cordie,Beaglehole,Londonderry,84,,2007-11-15,true,9,oohscY69,"[""ROLE_USER""]"
eottosen6r,Else,Ottosen,Washington,8259,33-163,2000-04-28,true,15,sJ6NXt,"[""ROLE_USER""]"
vtimby6s,Vinnie,Timby,Kensington,03088,,2013-10-17,true,6,dwSbIk,"[""ROLE_USER""]"
wmathivat6t,Wilona,Mathivat,Grover,082,10307,1999-10-18,false,16,6Fk1AZg,"[""ROLE_USER""]"
dgallant6u,Dennet,Gallant,Hermina,43778,69490-000,2021-05-19,false,16,dG1xSds7Tk,"[""ROLE_USER""]"
kmorrowe6v,Kailey,Morrowe,Randy,47722,545518,2010-05-08,true,2,5SvhkM,"[""ROLE_USER""]"
swakelin6w,Sampson,Wakelin,Ilene,85622,58-530,2019-09-10,false,14,vVsKzxYX,"[""ROLE_USER""]"
aagirre6x,Aubrette,Agirre,Graedel,16,280 02,2015-01-05,false,10,T36A80,"[""ROLE_USER""]"
mstaziker6y,Moore,Staziker,Sherman,4745,,2009-08-07,false,3,XsQ7JKb0yLD,"[""ROLE_USER""]"
bleynton6z,Blinni,Leynton,Chive,2789,,2021-03-07,true,12,BFoiYgBk,"[""ROLE_USER""]"
tomond70,Tallou,Omond,Blackbird,17,5049,2007-06-17,true,9,q1TurNx,"[""ROLE_USER""]"
cblitzer71,Cymbre,Blitzer,Blackbird,623,2419,2004-03-30,false,13,JucOXu,"[""ROLE_USER""]"
rpashba72,Rebekkah,Pashba,Straubel,96230,,2017-06-18,true,3,U8PXaiFJh,"[""ROLE_USER""]"
cwaldie73,Camile,Waldie,Pleasure,83,,2022-10-11,true,1,mnD4t1f9,"[""ROLE_USER""]"
mmarkova74,Merrie,Markova,Rockefeller,50112,8125-012,2016-06-23,false,19,qO8KxIuq,"[""ROLE_USER""]"
lhavercroft75,Lenee,Havercroft,New Castle,81,88385-000,2022-11-13,false,6,vX5u9YoOiy,"[""ROLE_USER""]"
ldoughartie76,Lenci,Doughartie,Scott,406,4635-207,2005-02-13,true,10,yCTbh71H46,"[""ROLE_USER""]"
dkays77,Dmitri,Kays,Fulton,5,,2007-02-07,true,6,yWaZgLZX06,"[""ROLE_USER""]"
kcarroll78,Kristine,Carroll,Manufacturers,6047,,2017-11-20,true,15,tvgzjh7ps6,"[""ROLE_USER""]"
edymock79,Ekaterina,Dymock,Lake View,18738,42006,2000-10-05,true,2,I7obpef,"[""ROLE_USER""]"
spetroff7a,Sharia,Petroff,Pond,489,,2023-02-21,false,2,8rmUe5uap5,"[""ROLE_USER""]"
mhartrick7b,Murvyn,Hartrick,Ruskin,57719,,2017-02-25,false,4,InsOaUrvv8,"[""ROLE_USER""]"
fslide7c,Frances,Slide,Heath,5456,0309,2001-06-19,false,17,REUiepAtpgLu,"[""ROLE_USER""]"
rwontner7d,Reg,Wontner,Mariners Cove,40,,2002-11-08,false,16,RWH1zHE3,"[""ROLE_USER""]"
mtattoo7e,Marilin,Tattoo,Lindbergh,59,,2021-02-22,true,4,uQO1Kh3dFYEY,"[""ROLE_USER""]"
horoan7f,Herbert,O'Roan,Stang,89,,1998-12-01,false,3,J7BIcotuEbJ,"[""ROLE_USER""]"
asuero7g,Alyssa,Suero,Surrey,19527,10370,2008-05-01,true,3,G9T6wkDpB,"[""ROLE_USER""]"
gkreutzer7h,Grady,Kreutzer,Spenser,0716,6602,2014-10-29,true,12,i6rqguNj6ln,"[""ROLE_USER""]"
mboldra7i,Malena,Boldra,Bellgrove,5,40160,2012-03-11,true,19,mWAuFUZ,"[""ROLE_USER""]"
scrummay7j,Schuyler,Crummay,7th,07968,,2021-04-23,false,17,oMF6Kz3FOL,"[""ROLE_USER""]"
ghardware7k,Gustie,Hardware,Cottonwood,3187,,2000-09-01,true,14,jkX3LFL,"[""ROLE_USER""]"
meliaz7l,Mikael,Eliaz,Butterfield,568,,2007-08-11,true,12,mxtjUzgNeoy,"[""ROLE_USER""]"
clackey7m,Clyde,Lackey,Schiller,01,,1998-12-23,true,10,zNrBz0E0Ua9z,"[""ROLE_USER""]"
kscambler7n,Kimbell,Scambler,Union,06,3885-705,2010-10-26,true,13,WWqPz5vkMbSA,"[""ROLE_USER""]"
jwretham7o,Jonie,Wretham,Kinsman,54,,2014-09-02,false,6,jrONWI,"[""ROLE_USER""]"
abrauner7p,Andras,Brauner,Dottie,417,26209 CEDEX,2022-09-05,false,1,aBTioaWDoul,"[""ROLE_USER""]"
rcluff7q,Rossie,Cluff,Basil,837,12940-000,1999-06-07,true,18,uH02Sa2k2,"[""ROLE_USER""]"
pquene7r,Palm,Quene,Golden Leaf,687,90451,2007-07-28,false,19,Jb1BiN,"[""ROLE_USER""]"
crobroe7s,Colver,Robroe,Nelson,0905,,2022-01-11,true,12,MhoOnDo,"[""ROLE_USER""]"
ddonisthorpe7t,Danya,Donisthorpe,Mandrake,29,377-0816,2014-11-27,true,7,izINiv,"[""ROLE_USER""]"
mdibatista7u,Marylin,Di Batista,Buhler,7051,,2002-09-26,false,2,zQj6QLffIYb,"[""ROLE_USER""]"
rtompkinson7v,Rickert,Tompkinson,Homewood,64,,2014-10-10,false,20,t7zuCNdBBhE,"[""ROLE_USER""]"
dyakebovich7w,Dennie,Yakebovich,Marcy,88447,,2005-07-19,false,2,bMfmvRX,"[""ROLE_USER""]"
pderwin7x,Peta,Derwin,Del Sol,00,9630-045,2007-11-26,true,11,i05XaZtSsrx,"[""ROLE_USER""]"
ngolds7y,Nelly,Golds,Warbler,77978,40330,2018-09-02,true,1,rREpkE9U2,"[""ROLE_USER""]"
bglackin7z,Bret,Glackin,Montana,0404,169309,2009-03-16,true,16,305P4hctu,"[""ROLE_USER""]"
kmcdonand80,Keary,McDonand,Moulton,340,,2005-11-01,true,7,0eWIbk2G4Jzi,"[""ROLE_USER""]"
pkleinlerer81,Percival,Kleinlerer,Novick,0,06-320,2005-09-18,true,15,5Fq1Z0nm,"[""ROLE_USER""]"
rphilippson82,Rabbi,Philippson,Farmco,97974,80891 CEDEX 3,2011-01-13,false,7,kNUjSIHgzj1p,"[""ROLE_USER""]"
ksomerville83,Kelwin,Somerville,Mcbride,964,,2021-08-25,true,7,E8V6MRkAKCZn,"[""ROLE_USER""]"
ebrasener84,Elonore,Brasener,Troy,057,,2018-06-21,true,20,byAS5SAGmP9T,"[""ROLE_USER""]"
wferfulle85,Westbrooke,Ferfulle,Anthes,9,,2004-03-16,false,6,NTwOoq6,"[""ROLE_USER""]"
nlamprey86,Nye,Lamprey,Del Sol,4,,2012-06-04,true,9,8R2DbHx1EV,"[""ROLE_USER""]"
rmccritichie87,Rhonda,McCritichie,Anthes,140,5017,2016-12-19,false,9,rIb6LBs,"[""ROLE_USER""]"
rmcterlagh88,Reta,McTerlagh,Derek,20125,,2021-04-29,false,16,44fM2EAKn,"[""ROLE_USER""]"
atirkin89,Anastasie,Tirkin,Waywood,6526,,2011-07-20,true,7,yYkvlcirwsM,"[""ROLE_USER""]"
tbirrell8a,Tamra,Birrell,Clove,993,,2009-03-18,true,11,LTAmFpc7g1AV,"[""ROLE_USER""]"
sclues8b,Sharlene,Clues,Continental,68835,385123,2004-01-04,true,14,z9dQcVtSzK2,"[""ROLE_USER""]"
htomkies8c,Henrieta,Tomkies,Oneill,49,478067,2009-04-04,false,19,jyPcSlzxx,"[""ROLE_USER""]"
ismeuin8d,Iona,Smeuin,Golf Course,80052,136 68,2016-01-19,true,8,vVwSu2pTIwiu,"[""ROLE_USER""]"
hhambidge8e,Henka,Hambidge,Gulseth,94378,,2022-05-14,true,17,WbBmKs8,"[""ROLE_USER""]"
rcherry8f,Ranna,Cherry,Macpherson,044,,2010-05-03,true,15,DnoPad,"[""ROLE_USER""]"
ttilbey8g,Tine,Tilbey,Judy,6,735 41,2001-04-11,true,10,2nS3D9Z,"[""ROLE_USER""]"
mmulderrig8h,Mattheus,Mulderrig,Green,1,18015,2022-05-03,true,7,8bEKW9z0Gy,"[""ROLE_USER""]"
pperfect8i,Pat,Perfect,Almo,9,4705-653,2015-02-14,true,14,kt3gOaZsT,"[""ROLE_USER""]"
cvanleijs8j,Cal,Van Leijs,International,2,,2007-06-12,true,2,OP62eBZwt,"[""ROLE_USER""]"
sdisley8k,Sherman,Disley,Bluestem,81,22453,2007-08-01,false,14,qmmpiDhmMZ,"[""ROLE_USER""]"
mosband8l,Morey,Osband,Mariners Cove,5,665220,2014-01-20,false,17,FYUXR3T0iM,"[""ROLE_USER""]"
msangra8m,Marion,Sangra,Village,4,,2019-10-22,false,15,00gcJbs6Hkw,"[""ROLE_USER""]"
bscalia8n,Bogey,Scalia,Sherman,75,,2020-10-13,true,8,WbKvohq,"[""ROLE_USER""]"
gmickan8o,Gran,Mickan,Hollow Ridge,97452,,2009-02-25,false,7,wzKaF8LJ2wmS,"[""ROLE_USER""]"
hwerrett8p,Hally,Werrett,Golf,92043,,2019-03-05,true,8,CPozlS,"[""ROLE_USER""]"
cferrulli8q,Cher,Ferrulli,Clarendon,3687,48790-000,2002-02-21,true,7,cdK3jpW6G,"[""ROLE_USER""]"
asprules8r,Alika,Sprules,Granby,3,55-002,2007-04-25,false,3,bP2nLJRK4Jv9,"[""ROLE_USER""]"
syallop8s,Starlene,Yallop,Hagan,3,22041,2003-09-15,true,8,RcsWh8,"[""ROLE_USER""]"
rcoggill8t,Ray,Coggill,Hintze,20,,2002-07-10,true,1,PjOigGeH,"[""ROLE_USER""]"
kgalvan8u,Kirby,Galvan,Lakewood Gardens,20,,2000-02-18,true,19,ThPnnrfdesF,"[""ROLE_USER""]"
bferebee8v,Bryana,Ferebee,Welch,833,,2021-02-12,true,9,oAOBFaTXL0N,"[""ROLE_USER""]"
lsabathier8w,Lenora,Sabathier,Evergreen,28225,,2016-06-28,false,12,IH4lU71r,"[""ROLE_USER""]"
mhuke8x,Marco,Huke,Paget,98294,2425-317,2013-12-05,false,15,oS4fSL,"[""ROLE_USER""]"
bratter8y,Belia,Ratter,Cherokee,3140,,2009-09-07,false,13,gLB9XeMaKYGM,"[""ROLE_USER""]"
cgregorace8z,Clio,Gregorace,Laurel,196,,2005-10-22,true,17,d1NEvb,"[""ROLE_USER""]"
bbarthelmes90,Brina,Barthelmes,Hovde,8264,,2021-08-22,true,17,oKPxGDbIWo,"[""ROLE_USER""]"
kdubbin91,Kitti,Dubbin,Dakota,5,,2008-02-14,true,14,TBMWeaTo,"[""ROLE_USER""]"
mpruckner92,Mariska,Pruckner,Pennsylvania,3479,373-0862,2002-12-31,false,16,1dLP6RpWk,"[""ROLE_USER""]"
rbruinsma93,Reeba,Bruinsma,Westport,153,671 81,2009-02-11,true,12,6k8ks4lQ,"[""ROLE_USER""]"
hgleasane94,Hannah,Gleasane,East,8,29811,2001-01-06,false,6,civAWqmeY,"[""ROLE_USER""]"
gfoskett95,Guinna,Foskett,Ryan,439,,2020-05-26,false,6,WnqszMC8b0,"[""ROLE_USER""]"
yamthor96,Yurik,Amthor,Morningstar,700,03203,2022-10-30,false,1,FOkEOI7,"[""ROLE_USER""]"
dschade97,Dell,Schade,Springs,19,,2013-07-26,false,15,LgaqdUmXw7oi,"[""ROLE_USER""]"
alambricht98,Aurlie,Lambricht,Debs,6386,,2021-12-11,false,2,avhFo3P5,"[""ROLE_USER""]"
cshewen99,Conway,Shewen,Pepper Wood,249,,2018-04-30,false,14,FCzMS0aLB,"[""ROLE_USER""]"
aalstead9a,Abigael,Alstead,Eggendart,0,,2006-01-01,false,10,5N6K9trnyJQs,"[""ROLE_USER""]"
eneilly9b,Emmalynn,Neilly,Armistice,15,9499,2004-10-11,true,5,UikE7a1eaZYa,"[""ROLE_USER""]"
cmaccombe9c,Cami,MacCombe,Mayer,33,5900,2005-10-11,false,1,xZu19Zv4EfIO,"[""ROLE_USER""]"
ldemeis9d,Lulu,De Meis,Fair Oaks,4,,2017-10-26,false,12,3I2omrg,"[""ROLE_USER""]"
hranshaw9e,Hillel,Ranshaw,Del Sol,6,58928-000,2005-02-13,false,19,PP0DIoInhB3,"[""ROLE_USER""]"
mdinwoodie9f,Mace,Dinwoodie,Sage,729,,1998-10-28,true,16,zGie6qQD,"[""ROLE_USER""]"
mprimmer9g,Mela,Primmer,Erie,639,357329,2003-03-09,false,7,vudUvUEJ,"[""ROLE_USER""]"
cstaden9h,Cindie,Staden,Comanche,05932,,2014-04-21,false,8,4a8myDT1,"[""ROLE_USER""]"
sfarnish9i,Sarina,Farnish,David,46516,E91,2000-08-04,false,16,IJQ1Yb9fhFiP,"[""ROLE_USER""]"
hsantostefano9j,Hillary,Santostefano.,Dexter,0309,34160,2023-04-26,false,15,QsW63e,"[""ROLE_USER""]"
cwaszkiewicz9k,Cece,Waszkiewicz,Caliangt,68,,2011-03-12,true,20,PG0On43,"[""ROLE_USER""]"
zplowes9l,Zorine,Plowes,Mendota,8232,95-081,2000-05-13,false,16,xxNgnZGY,"[""ROLE_USER""]"
dbarles9m,Desmund,Barles,North,5,417048,2014-09-26,true,17,Tx1GN0V8AM,"[""ROLE_USER""]"
rwharton9n,Rodney,Wharton,Morning,1,,2017-01-04,true,1,GLrf5KQoQX,"[""ROLE_USER""]"
gjatczak9o,Gian,Jatczak,Village Green,6859,6525,2004-07-24,false,18,eZyi3EUkX,"[""ROLE_USER""]"
rrecords9p,Rustin,Records,Amoth,4914,,2000-01-17,false,1,irVczfW5TN,"[""ROLE_USER""]"
acosby9q,Arlene,Cosby,Hermina,9,1095,1999-10-02,true,8,RqzPdFZ5pW,"[""ROLE_USER""]"
dmoth9r,Donna,Moth,Mendota,7442,8407,2014-10-03,false,16,SEh1L59VfF,"[""ROLE_USER""]"
dnorthridge9s,Dianne,Northridge,Leroy,72,49505,2009-12-03,true,5,unGSWoX,"[""ROLE_USER""]"
lmaplestone9t,Laurette,Maplestone,Mandrake,48,917-0011,2004-07-03,true,8,uhyY55VRQyR,"[""ROLE_USER""]"
nkeith9u,Noelyn,Keith,Packers,216,,2014-03-24,false,16,uPoOvwBU,"[""ROLE_USER""]"
cboyda9v,Cairistiona,Boyda,Porter,293,3025-348,1999-10-14,false,9,Rnd6a1O,"[""ROLE_USER""]"
otrimble9w,Othilie,Trimble,Atwood,39,763008,2010-11-21,false,19,Ru4ngZ2q,"[""ROLE_USER""]"
aklimpt9x,Allyn,Klimpt,Bluejay,80,,2011-05-28,true,16,nm9vkyrCVy6J,"[""ROLE_USER""]"
jbatistelli9y,Jacquetta,Batistelli,Vahlen,8823,,2022-10-04,true,5,1bAeuWnNf,"[""ROLE_USER""]"
jcawson9z,Joete,Cawson,Hayes,074,P0T,2008-02-08,true,10,q48O5bw,"[""ROLE_USER""]"
mstoppsa0,Matty,Stopps,Elka,95,30006 CEDEX 4,2000-04-27,true,18,Dh4yDxxZ,"[""ROLE_USER""]"
mgooderea1,Minnaminnie,Goodere,Buell,89,4276,2010-12-01,true,9,felxtRea,"[""ROLE_USER""]"
nferiera2,Nettie,Ferier,Sunnyside,4,9760-016,2017-12-13,false,19,1PVwtsg8Cp,"[""ROLE_USER""]"
phartlesa3,Phip,Hartles,Barnett,3931,,2006-01-24,true,13,4NC4dvYN,"[""ROLE_USER""]"
afaloona4,Antonia,Faloon,Express,6,18035 CEDEX,2018-08-26,true,19,E2tSRu,"[""ROLE_USER""]"
pmcleana5,Prissie,McLean,Kingsford,16,0876,2002-04-28,false,5,4bRCSHCzMR,"[""ROLE_USER""]"
jcargena6,Jacques,Cargen,Monterey,45,,2002-01-08,true,14,yh3iZSwXQRBs,"[""ROLE_USER""]"
afibbensa7,Arlana,Fibbens,Warner,75,871 33,2002-05-01,true,13,WnkzJ8B,"[""ROLE_USER""]"
dmounsiea8,Dulcie,Mounsie,Knutson,856,,2007-01-27,false,11,udNUC17Me9,"[""ROLE_USER""]"
cgollopa9,Caye,Gollop,Toban,11,1870,2004-02-04,true,18,rsxbqu8R,"[""ROLE_USER""]"
mhammersleyaa,Morgan,Hammersley,Memorial,04186,30-533,2010-10-18,false,20,hq3A4uzZoljU,"[""ROLE_USER""]"
carnoutab,Celina,Arnout,Spenser,4107,30033,2021-12-03,true,8,ewT1a3XV,"[""ROLE_USER""]"
eolunnyac,Elsinore,O'Lunny,Buhler,298,,2008-10-17,true,17,AdoZtEu1zBV,"[""ROLE_USER""]"
lcomelliad,Lesley,Comelli,Steensland,445,5603,2015-11-18,true,6,G0CEaEbA,"[""ROLE_USER""]"
efudgeae,Ely,Fudge,Logan,218,,2004-05-18,false,5,szy5GycDYVP,"[""ROLE_USER""]"
skezoraf,Serena,Kezor,West,685,,2021-03-26,true,19,njJfH3r29k,"[""ROLE_USER""]"
sdomanag,Siusan,Doman,Leroy,33022,,2005-05-18,false,8,cbwAVpzn,"[""ROLE_USER""]"
fjeffordah,Farr,Jefford,Menomonie,1,,1999-08-24,false,9,uDR42kLP,"[""ROLE_USER""]"
oduffinai,Olga,Duffin,Di Loreto,947,,1998-12-06,false,12,nvBoHQx,"[""ROLE_USER""]"
tkarmelaj,Tatiania,Karmel,Ridgeview,5,3332,2018-11-29,true,4,hDi7NLtrGl,"[""ROLE_USER""]"
rocarrolak,Reinwald,O'Carrol,Grayhawk,4631,9253,2004-02-29,false,11,7JgXcDaEqJS3,"[""ROLE_USER""]"
akettoeal,Anastassia,Kettoe,High Crossing,92,,2013-09-24,false,16,zeBTq4lcJyIk,"[""ROLE_USER""]"
cspoffortham,Claudelle,Spofforth,Pennsylvania,3,329-3155,1998-10-31,false,1,sPmiG3m8Grx,"[""ROLE_USER""]"
mknillan,Margalit,Knill,Ridgeway,121,,2019-04-01,true,19,LbavBsnCtnpL,"[""ROLE_USER""]"
jegintonao,Jenn,Eginton,Oxford,5,,2007-01-11,false,10,4Dmaqfzh,"[""ROLE_USER""]"
vforesightap,Vincenz,Foresight,Vera,0,19900-000,2019-03-15,false,19,yozbH8,"[""ROLE_USER""]"
jyewdellaq,Jaquelin,Yewdell,Park Meadow,3,721 37,2008-04-29,true,6,TJ8BgtqvPK,"[""ROLE_USER""]"
mdenslowar,Mikol,Denslow,Monterey,7061,249432,2012-09-21,true,1,BWfRdAPo6T,"[""ROLE_USER""]"
ceddingtonas,Crystie,Eddington,Trailsway,8,,2015-06-22,true,2,FZvYvnkVI,"[""ROLE_USER""]"
nbellerat,Nicoli,Beller,Lotheville,30934,,2018-08-28,false,19,Xw0eo5WAuKHQ,"[""ROLE_USER""]"
mounsworthau,Melisande,Ounsworth,Fairfield,26375,,2020-02-01,false,5,Mrecyg,"[""ROLE_USER""]"
ltailourav,Lory,Tailour,Gateway,0561,1510,2001-08-11,true,13,TUbOtowM,"[""ROLE_USER""]"
mcahernyaw,Marlie,Caherny,Calypso,3,456843,2007-07-01,false,10,5rJXCSm,"[""ROLE_USER""]"
osandlandax,Orton,Sandland,Shelley,06,51700,2016-04-20,false,16,YygfD3L3MiL,"[""ROLE_USER""]"
gkeeriay,Gertie,Keeri,Waywood,4540,,2004-06-18,true,18,mBEzbfK0,"[""ROLE_USER""]"
msmallmanaz,Marv,Smallman,Karstens,72,,2003-04-19,true,10,fSstLd,"[""ROLE_USER""]"
mbleakmanb0,Marnia,Bleakman,Stephen,40,34400-000,2012-06-27,true,6,oKSAQV,"[""ROLE_USER""]"
mbamberyb1,Myrilla,Bambery,Union,197,,2007-05-24,true,12,u6mo58Hl,"[""ROLE_USER""]"
vskittrealb2,Vance,Skittreal,Marquette,91,669-1417,1998-12-26,false,10,KmtAgO,"[""ROLE_USER""]"
bdoddsb3,Bernardina,Dodds,Oriole,397,6322,2010-03-13,true,5,k7NuIQtWsn,"[""ROLE_USER""]"
kmaclucaisb4,Karia,MacLucais,Straubel,60854,,2002-11-22,true,7,zir6abe,"[""ROLE_USER""]"
mdehoochb5,Mahalia,De Hooch,Bluestem,0,416010,2021-07-26,true,20,Lt1tloAEc5w,"[""ROLE_USER""]"
rdoubledayb6,Rafa,Doubleday,Ridgeview,4649,92924 CEDEX,2010-03-10,true,15,B1zvDo,"[""ROLE_USER""]"
kcowapb7,Kurtis,Cowap,Orin,82,A86,2020-06-05,true,15,85kn1Mj,"[""ROLE_USER""]"
kduffieldb8,Krishna,Duffield,Talmadge,2,,2019-02-15,true,19,xEEAfIFQC,"[""ROLE_USER""]"
gcassleyb9,Gerianne,Cassley,Dovetail,989,76205,2008-03-15,false,3,G6yeI7isu,"[""ROLE_USER""]"
eabsonba,Elspeth,Abson,Continental,059,503 43,2015-09-09,false,20,7aA5nu8,"[""ROLE_USER""]"
aleechbb,Aguistin,Leech,Grover,6547,,2022-10-05,false,20,lCDMoLI3qy8,"[""ROLE_USER""]"
vbroxtonbc,Veronica,Broxton,International,4,917-0011,2019-09-24,true,3,U5h176sF64A,"[""ROLE_USER""]"
marmorbd,Monro,Armor,Evergreen,7,,2014-06-06,false,13,ncamstDh1,"[""ROLE_USER""]"
dspenslybe,Dee,Spensly,High Crossing,27,,2002-10-14,false,20,W4bBSwxT3uY,"[""ROLE_USER""]"
fambrogionibf,Filmer,Ambrogioni,Novick,228,4142,1999-08-18,true,9,Kp1l1WQffZnd,"[""ROLE_USER""]"
cgrimblebg,Constantia,Grimble,Raven,65068,3430-393,1999-09-01,true,13,6r8p5LCb,"[""ROLE_USER""]"
rorrowbh,Rudyard,Orrow,Nancy,57,,2013-07-26,true,2,ijNFGQK,"[""ROLE_USER""]"
gburdgebi,Georgine,Burdge,Kropf,3,,2016-06-23,false,16,WAX1A9kgxMn,"[""ROLE_USER""]"
sparrybj,Suzanne,Parry,David,7670,4640-210,2016-11-29,false,8,i9LUSdWB,"[""ROLE_USER""]"
ewinspurrbk,Ewen,Winspurr,Hanson,1,,2015-09-30,false,16,e0oBHzyLLoL,"[""ROLE_USER""]"
ckuhntbl,Claudell,Kuhnt,Melby,96,83501,2001-01-28,true,14,TgHG69j,"[""ROLE_USER""]"
sfallowesbm,Stern,Fallowes,Pierstorff,8307,0390,2021-07-26,true,10,vVP9uO3wM9,"[""ROLE_USER""]"
gdevinbn,Garnette,Devin,5th,16,,2018-07-02,false,20,cjpgcd,"[""ROLE_USER""]"
caishbo,Caddric,Aish,Monica,3355,5700,2011-08-24,true,2,CsbCWg534,"[""ROLE_USER""]"
lpurvesbp,Lana,Purves,Longview,571,186326,2011-04-20,true,11,8YybDe,"[""ROLE_USER""]"
wpetriellobq,Wenda,Petriello,Redwing,50,3500-548,2001-11-05,true,20,V5gW27R1iE,"[""ROLE_USER""]"
spophambr,Sharla,Popham,Sundown,56,41821,2009-12-28,false,6,298zC0o9dI2k,"[""ROLE_USER""]"
ncornfordbs,Nikolas,Cornford,Loeprich,9,,2012-06-14,false,4,RyYVKPsUHZ,"[""ROLE_USER""]"
rlarimerbt,Rickie,Larimer,Oak,1171,6311,2007-05-30,false,19,Kun6xX5dkc,"[""ROLE_USER""]"
cmeiningenbu,Chaddy,Meiningen,Claremont,40416,64110-000,2007-04-12,true,10,5zRdn0,"[""ROLE_USER""]"
ehaglintonbv,Ellswerth,Haglinton,Fairview,54,37140-000,2011-08-13,true,19,zJQCXHS,"[""ROLE_USER""]"
wroddellbw,Winifred,Roddell,Dapin,7921,,2010-04-08,true,3,6UssVkDP,"[""ROLE_USER""]"
kheighobx,Kasey,Heigho,Hauk,0640,83732,2013-08-10,true,6,d4Q3uz6,"[""ROLE_USER""]"
ldronby,Lizbeth,Dron,Anderson,635,,2015-09-09,true,17,AdlHMp3,"[""ROLE_USER""]"
castlingbz,Cozmo,Astling,Moland,5629,98-432,2019-12-27,false,15,9WK2Gvd71tSH,"[""ROLE_USER""]"
adinnisc0,Ailina,Dinnis,Saint Paul,797,18650-000,1998-10-25,true,13,rXjpZ0Wi,"[""ROLE_USER""]"
tpenzerc1,Tedd,Penzer,Cottonwood,43,,2016-12-21,false,13,gXzpczCxrnk,"[""ROLE_USER""]"
cadamollic2,Cliff,Adamolli,Maryland,1,,2011-06-02,false,13,RoUIAIqbG,"[""ROLE_USER""]"
dwittierc3,Devy,Wittier,Badeau,4,,2012-04-15,true,17,7MeP5Afvus1,"[""ROLE_USER""]"
pcousenc4,Park,Cousen,Oneill,15,113 59,2003-05-12,true,4,v6ydVui,"[""ROLE_USER""]"
grymourc5,Gerrie,Rymour,Fairview,488,,2000-08-13,true,5,OOnqEUO,"[""ROLE_USER""]"
dcicceralec6,Darrell,Ciccerale,Florence,6518,,2021-06-08,true,3,rMjA2WE,"[""ROLE_USER""]"
noughc7,Noelani,Ough,Fuller,686,83400-000,2019-04-14,true,5,UAd9x8dyXC,"[""ROLE_USER""]"
mglackenc8,Maribel,Glacken,Washington,2640,,2008-03-12,true,14,BXbqhTwK,"[""ROLE_USER""]"
shartilc9,Sonny,Hartil,Oxford,6618,,2010-09-07,true,2,U4DCMQkIr,"[""ROLE_USER""]"
calbasinyca,Charita,Albasiny,Welch,41345,H54,2007-12-04,true,13,Vdr29wtsS,"[""ROLE_USER""]"
ggepsoncb,Gennie,Gepson,Swallow,40,4342,1999-01-10,true,6,OhnAOY,"[""ROLE_USER""]"
kscrivinorcc,Konstance,Scrivinor,Fallview,11972,Y34,2014-12-26,true,6,KUtgw9T,"[""ROLE_USER""]"
rfrantzenicd,Richy,Frantzeni,Di Loreto,0,4803,2021-12-19,true,14,0oTmO1,"[""ROLE_USER""]"
ericcace,Elvis,Ricca,Hazelcrest,5086,56600-000,2021-02-25,true,15,OzFsh0BzAL,"[""ROLE_USER""]"
deborallcf,Dougie,Eborall,Londonderry,199,163 62,2021-07-22,false,20,z2VJGnmY,"[""ROLE_USER""]"
bcurrumcg,Brent,Currum,Bunker Hill,08,,2015-01-05,false,9,nPlze0n,"[""ROLE_USER""]"
jnearsch,Jesse,Nears,School,1812,4000,2013-04-22,false,14,UPJam5S,"[""ROLE_USER""]"
eskittrellci,Elsa,Skittrell,Grover,48581,366404,2005-07-29,true,17,VGO6lMs1AR,"[""ROLE_USER""]"
icamseycj,Ike,Camsey,Burrows,991,9320,2018-08-30,true,18,xtUrMdwf,"[""ROLE_USER""]"
arawlsck,Ax,Rawls,Gulseth,61077,252837,2013-08-05,false,12,nELsUsRg,"[""ROLE_USER""]"
pvernhamcl,Patience,Vernham,Fordem,176,,2004-04-07,true,20,jitqj61y,"[""ROLE_USER""]"
rdombrellcm,Rogers,Dombrell,Scott,55,,2016-03-23,true,18,XPiISzg6rDk9,"[""ROLE_USER""]"
eangelicn,Eddy,Angeli,Declaration,9803,130027,1999-03-18,false,7,EIKsg5YK,"[""ROLE_USER""]"
kmeersco,Katharyn,Meers,Randy,0,,2014-11-02,true,14,6Oetyo4E4,"[""ROLE_USER""]"
jheadinghamcp,Junia,Headingham,Manley,71397,,2002-04-05,true,8,iBFgmIttJo,"[""ROLE_USER""]"
gswitsurcq,Gordon,Switsur,Hovde,729,4595-414,2017-09-18,true,5,JchJAG,"[""ROLE_USER""]"
jferriscr,Jay,Ferris,Bay,300,,2001-11-26,true,10,q5GpSnkrdJtY,"[""ROLE_USER""]"
lmacmenamiecs,Lettie,MacMenamie,Lillian,41,,2012-11-04,false,9,eCJaD84FkS,"[""ROLE_USER""]"
rdigginsct,Raquela,Diggins,Garrison,092,5608,2017-06-23,true,7,zjVeBV,"[""ROLE_USER""]"
kpeartreecu,Klemens,Peartree,Northfield,570,925-0215,2020-08-09,true,2,2g8blditl,"[""ROLE_USER""]"
efraczkiewiczcv,Ethelbert,Fraczkiewicz,Anzinger,23,891 86,2016-11-20,false,16,oyGCEcC2,"[""ROLE_USER""]"
tperrymancw,Tommy,Perryman,Westerfield,65,,1998-11-30,true,9,tWSTMh,"[""ROLE_USER""]"
ldowdencx,Lorine,Dowden,Esch,4288,11512,2002-01-22,false,17,gZtL2LyHbNwy,"[""ROLE_USER""]"
dnevisoncy,Dosi,Nevison,Melby,6,,2001-04-15,true,18,x3Je0b,"[""ROLE_USER""]"
jandrieucz,Jabez,Andrieu,Manley,665,,1998-11-05,false,7,BgEhHLLta,"[""ROLE_USER""]"
atomkiesd0,Anton,Tomkies,Hoffman,10056,95330-000,1998-10-22,true,5,lM894u,"[""ROLE_USER""]"
sedglerd1,Staffard,Edgler,Petterle,6,,1999-12-19,true,7,tkPNyr5,"[""ROLE_USER""]"
eabrahamid2,Emmerich,Abrahami,Riverside,80740,,2003-06-02,false,18,YhwR7eE,"[""ROLE_USER""]"
mraithd3,Maxi,Raith,Fordem,656,,2004-04-14,false,5,OwAzCIwDes,"[""ROLE_USER""]"
sgladtbachd4,Sioux,Gladtbach,Northridge,0263,,2004-05-12,true,16,SwbpGuaC,"[""ROLE_USER""]"
mbiddwelld5,Melisenda,Biddwell,Forest Dale,6,2430-186,2008-02-04,true,18,DrGPifkpjm,"[""ROLE_USER""]"
atansilld6,Alice,Tansill,Darwin,2,,2008-07-22,true,5,GgoKhuLwAi,"[""ROLE_USER""]"
hhoofed7,Heath,Hoofe,Rowland,235,,2001-08-02,false,5,nDFiYSUOitBH,"[""ROLE_USER""]"
psemperd8,Pip,Semper,Sachtjen,25500,,2003-10-24,false,9,gnZmPABuA,"[""ROLE_USER""]"
nbraybrookesd9,Neysa,Braybrookes,Forest Run,262,78700-000,2021-02-22,false,12,eRMRuHk,"[""ROLE_USER""]"
llawlorda,Lindsay,Lawlor,Monument,3,84320-000,2021-06-03,true,6,EfcsXT4A,"[""ROLE_USER""]"
arotherforthdb,Anselm,Rotherforth,Express,8026,,2021-11-09,false,16,4sBjeP30,"[""ROLE_USER""]"
ddarcodc,Dorena,Darco,Duke,8,,2020-07-31,true,2,y5zSO2PDn,"[""ROLE_USER""]"
tbrookwelldd,Tiphanie,Brookwell,Superior,21,757 59,2004-07-28,true,10,ie5Hvdqg,"[""ROLE_USER""]"
tlordingde,Tamera,Lording,Arrowood,7401,,2012-12-10,true,6,R5f969MLWKAL,"[""ROLE_USER""]"
lbirtsdf,Lucie,Birts,Haas,6,85300-000,1998-12-18,false,1,6xAYaLdgXt,"[""ROLE_USER""]"
mlydondg,Mayor,Lydon,Cardinal,23,0654,2017-02-21,true,7,Bh0bQ3m0N,"[""ROLE_USER""]"
mpethickdh,Matti,Pethick,Marquette,52,,2011-08-11,true,4,UcMUPTa,"[""ROLE_USER""]"
kperforddi,Kane,Perford,Mifflin,27809,,2007-07-06,true,8,AHw62cAs8,"[""ROLE_USER""]"
rcantydj,Rhetta,Canty,Warbler,2,,2002-06-22,true,1,jzDPlA7dfrO,"[""ROLE_USER""]"
kbartoddk,Kali,Bartod,Marcy,63,,1998-12-27,false,4,GHBze6ZyTDlf,"[""ROLE_USER""]"
dbottrelldl,Desmund,Bottrell,Ryan,801,,2003-01-03,true,7,WGkedHBPow,"[""ROLE_USER""]"
amooredm,Agretha,Moore,Nevada,1,16880-000,2013-04-21,true,2,al0xUZ,"[""ROLE_USER""]"
mdruhandn,Milka,Druhan,4th,330,052438,2017-07-26,true,11,iupOw1o5ECzK,"[""ROLE_USER""]"
jortetdo,Jolynn,Ortet,Walton,8,,1998-12-26,false,14,9VHp6kXCr,"[""ROLE_USER""]"
gedgerlydp,Gui,Edgerly,Coolidge,3061,,2020-09-17,true,9,fzNdOsN,"[""ROLE_USER""]"
mleafedq,Mildred,Leafe,Division,0,,2008-03-19,true,17,m70Mdioh8dO,"[""ROLE_USER""]"
lhebbrondr,Letta,Hebbron,Dahle,8222,,1999-04-24,true,6,18cliok4Te,"[""ROLE_USER""]"
jredholesds,Janean,Redholes,Old Shore,76,,2008-06-24,true,1,flV6Xn,"[""ROLE_USER""]"
alemmedt,Ardisj,Lemme,Welch,0273,,2023-05-24,false,3,Acp7598hM4I,"[""ROLE_USER""]"
psaffedu,Paton,Saffe,Johnson,86426,19011 CEDEX,1999-07-21,true,16,3VPR0yl17z,"[""ROLE_USER""]"
dforsythdv,Dorelia,Forsyth,Schurz,14,,2014-07-17,true,9,cHbWztHKf,"[""ROLE_USER""]"
rledsondw,Renell,Ledson,Spenser,780,,2011-02-21,true,3,ZvpWW0VNKaJh,"[""ROLE_USER""]"
hnottidx,Humphrey,Notti,Delladonna,850,,2021-08-01,false,12,PLoRBKff,"[""ROLE_USER""]"
begaltondy,Boyd,Egalton,La Follette,27196,,2003-02-02,false,11,gLx5T2PaiT,"[""ROLE_USER""]"
fnysdz,Florencia,Nys,Briar Crest,4,,2013-03-16,false,1,7UWlRvP,"[""ROLE_USER""]"
gornilse0,Gwenora,Ornils,Granby,10,,2009-07-23,false,8,yTp6Hdi8bSEy,"[""ROLE_USER""]"
bwhysalle1,Benny,Whysall,Bartelt,31660,,2009-04-09,true,12,i6q1gvHA,"[""ROLE_USER""]"
fbarnewillee2,Floyd,Barnewille,Hoffman,7285,,2012-03-07,false,20,HgIW9mVh0Bg,"[""ROLE_USER""]"
toverpoole3,Tomaso,Overpool,Crowley,96234,85227,2021-11-16,false,18,mOaUU4ssvIa,"[""ROLE_USER""]"
noveringtone4,Nevil,Overington,Milwaukee,2,23501,2021-04-26,true,12,LaBuQT2Wb6cY,"[""ROLE_USER""]"
ffrippse5,Franciska,Fripps,Pond,9077,,2022-10-04,true,6,9hegiLnrx,"[""ROLE_USER""]"
cmathiase6,Charlena,Mathias,Schurz,70905,,2015-02-16,false,8,4Chq0a,"[""ROLE_USER""]"
cgladwine7,Culley,Gladwin,4th,652,,2008-11-08,true,10,BeHwd44,"[""ROLE_USER""]"
lrunciee8,Lewes,Runcie,Washington,511,,2016-11-28,true,11,acbzrXTjou,"[""ROLE_USER""]"
gsaltere9,Gerladina,Salter,Ramsey,11765,L-9098,2023-01-04,false,13,GahiZIjKe,"[""ROLE_USER""]"
mdareyea,Miran,Darey,Monument,773,628126,2005-01-11,true,16,UMhPmx3,"[""ROLE_USER""]"
hmorfortheb,Had,Morforth,Portage,16144,0550,2019-07-27,true,18,IidH05CZ4vb,"[""ROLE_USER""]"
nlillymanec,Niel,Lillyman,Dovetail,0,,2011-01-12,false,4,5Qiq01lXuJlU,"[""ROLE_USER""]"
jericssoned,Janeczka,Ericsson,Sachtjen,995,,2003-02-07,false,10,N3Poau,"[""ROLE_USER""]"
tileyee,Tomaso,Iley,2nd,578,23324,2009-08-23,true,13,5ENz46SKV9p,"[""ROLE_USER""]"
omcleeseef,Olympe,McLeese,Vahlen,78,,2003-03-21,true,8,i5SWt8DXyv,"[""ROLE_USER""]"
mparsonageeg,Micky,Parsonage,Dwight,22104,81505,2003-03-13,true,11,E1ClFGVFZhX,"[""ROLE_USER""]"
tshaylereh,Tull,Shayler,1st,47,G6T,2015-03-10,true,10,1stoSwcSA,"[""ROLE_USER""]"
aquaifeei,Ad,Quaife,Washington,08107,7209,2018-09-29,true,7,GoEKlq,"[""ROLE_USER""]"
csweetloveej,Christoffer,Sweetlove,Donald,598,55400-000,2011-01-17,false,17,QnpUTUyoUb,"[""ROLE_USER""]"
ellelwelnek,Emma,LLelweln,Oak,20817,2566,2006-09-09,false,1,kXZKi58Pu,"[""ROLE_USER""]"
wgrinovel,Woodman,Grinov,Eastlawn,0,509-0201,2020-08-17,false,4,Gpj8SnEE,"[""ROLE_USER""]"
csplevinem,Carleton,Splevin,Monica,907,,2017-02-20,false,15,QZvz6eMwoWg,"[""ROLE_USER""]"
kringen,Kerrill,Ring,Crowley,74213,,2009-04-09,true,15,rfT5zm63,"[""ROLE_USER""]"
swalczakeo,Shane,Walczak,Thompson,2503,,2021-06-07,true,11,bVTppR2s2,"[""ROLE_USER""]"
blengep,Brewer,Leng,Dapin,817,78304 CEDEX,2000-11-30,true,19,2bdfIYpDIQ0,"[""ROLE_USER""]"
tboydeeq,Tomasina,Boyde,Bellgrove,604,,2008-02-06,false,6,Ll2y3OuIkET,"[""ROLE_USER""]"
bhabbeser,Bertha,Habbes,Mayer,26,,2021-03-24,true,2,K1WItOeRTIY,"[""ROLE_USER""]"
eogleyes,Ellsworth,Ogley,Ryan,7447,,2000-07-25,true,5,1vDfD3AwMK2u,"[""ROLE_USER""]"
mshaileret,Martainn,Shailer,Rutledge,3658,,2013-10-28,false,16,kcId7n5,"[""ROLE_USER""]"
anultyeu,Ahmed,Nulty,Pawling,31929,,2005-07-24,false,9,EcYIjvMt1QR,"[""ROLE_USER""]"
agostageev,Arlen,Gostage,Butterfield,79322,9021,2006-07-05,true,16,yJMzBNSE,"[""ROLE_USER""]"
hguillermanew,Hamel,Guillerman,Bartelt,1,309273,2008-12-30,false,10,RM33rCFnQS0,"[""ROLE_USER""]"
cleathesex,Cynthia,Leathes,Hallows,3,X91,2014-02-25,true,14,XRTg8T8S4,"[""ROLE_USER""]"
lheadingtoney,Loretta,Headington,Sycamore,1232,67504 CEDEX,2022-02-25,false,4,MUAtq4pX,"[""ROLE_USER""]"
hjopsonez,Hetti,Jopson,Pleasure,798,,2014-12-12,false,17,z8lFbZ,"[""ROLE_USER""]"
hricardouf0,Hugibert,Ricardou,Arkansas,5,76011 CEDEX,2000-10-21,true,20,gPHzX667o,"[""ROLE_USER""]"
tjacopf1,Tam,Jacop,Bashford,3102,05-520,2012-11-19,false,14,unkv7lr,"[""ROLE_USER""]"
lrickassef2,Link,Rickasse,Sugar,7,323-0051,2010-10-22,true,7,DKSIEBzlkzlU,"[""ROLE_USER""]"
nluxf3,Nap,Lux,Melody,9,,2022-05-02,false,1,n0XApDqLl,"[""ROLE_USER""]"
zpeadf4,Zaria,Pead,Hooker,0,,2014-06-06,true,7,dnMA9Z,"[""ROLE_USER""]"
bguirardf5,Bettina,Guirard,Cardinal,1564,3297,2012-03-22,false,15,DHU756iG,"[""ROLE_USER""]"
ahiggenf6,Andrey,Higgen,Butterfield,5933,45450-000,2000-12-25,false,16,i8KCLT49rQsT,"[""ROLE_USER""]"
djackef7,Dita,Jacke,Summit,363,,2001-11-05,false,19,krcsEkaOO,"[""ROLE_USER""]"
saleksandrevf8,Sascha,Aleksandrev,Ridgeway,271,55-320,2020-05-14,false,8,5kAHbq,"[""ROLE_USER""]"
acronshawf9,Arlana,Cronshaw,Anhalt,409,98814,2016-07-23,true,8,2tr5kmv5zYP,"[""ROLE_USER""]"
acherryfa,Aarika,Cherry,Manitowish,01882,1233,2003-10-12,true,2,c8uzXxkHK5,"[""ROLE_USER""]"
draveaufb,Danita,Raveau,Fordem,55,,2010-09-08,true,6,5ESI76o6,"[""ROLE_USER""]"
bshoulerfc,Billy,Shouler,Longview,827,5030-304,2021-07-22,false,12,IRaqKlHrdlI5,"[""ROLE_USER""]"
irubinszteinfd,Isaiah,Rubinsztein,Utah,2,47685,2020-09-13,false,20,oNWCQXR5,"[""ROLE_USER""]"
jinwoodfe,Janean,Inwood,Tony,21274,,2009-05-22,true,1,PHHkl2n,"[""ROLE_USER""]"
blallyff,Bette-ann,Lally,Loftsgordon,35970,164 45,2015-02-05,false,3,h4dBSsLz8L,"[""ROLE_USER""]"
gscullardfg,Georas,Scullard,Warbler,050,,2007-09-10,true,9,3zFujNc7ysY,"[""ROLE_USER""]"
cpavlovskyfh,Catlin,Pavlovsky,Mayer,541,,2005-07-15,true,1,0GNKhDig,"[""ROLE_USER""]"
astratifffi,Aura,Stratiff,Forest Run,5648,60306,2020-10-22,true,6,2rpVR2NsQve,"[""ROLE_USER""]"
rmelbyfj,Red,Melby,Grasskamp,30,,1999-04-09,false,3,0Nv4t05lq,"[""ROLE_USER""]"
edamantfk,Eugenia,Damant,Springview,99380,55140,1999-08-27,true,1,YCNoTIEwVv,"[""ROLE_USER""]"
rdachfl,Robbie,Dach,Stone Corner,412,,2014-08-06,true,11,vcqWnF,"[""ROLE_USER""]"
trulerfm,Tiebold,Ruler,Moose,34,,2002-02-12,false,16,ciM6gp,"[""ROLE_USER""]"
msprostonfn,Mohandis,Sproston,Evergreen,58700,,2001-12-09,false,13,5l0DbOrAN,"[""ROLE_USER""]"
hkrauzefo,Heath,Krauze,Crowley,59351,,2009-04-18,true,17,6Tn2Umvt,"[""ROLE_USER""]"
tmcgrowtherfp,Tobias,McGrowther,Loeprich,78,,2012-07-10,false,15,jobqiGe,"[""ROLE_USER""]"
mcainesfq,Meryl,Caines,Kinsman,544,,2013-02-20,true,13,ZptVHHg54dWJ,"[""ROLE_USER""]"
hbridgelandfr,Hester,Bridgeland,Lakeland,18,,2002-04-29,false,7,MA0Mk1mn,"[""ROLE_USER""]"
swortsfs,Shayla,Worts,Stang,1209,,2004-02-24,true,5,4cSGC1YHcMIQ,"[""ROLE_USER""]"
hsoallft,Hubie,Soall,Kropf,4,,2001-09-12,false,6,StrDmX,"[""ROLE_USER""]"
bsherynfu,Byran,Sheryn,Dennis,39,48120,2013-07-11,true,7,mWmRgFuM,"[""ROLE_USER""]"
kmccoidfv,Kiley,McCoid,Main,84523,,2006-09-10,false,17,y1CASk,"[""ROLE_USER""]"
cdyterfw,Clarie,Dyter,Havey,28254,232517,2015-11-27,false,20,qmt6ZR,"[""ROLE_USER""]"
wgoaleyfx,Wilfred,Goaley,Tony,94,,2007-09-05,false,7,1RCjaUx7,"[""ROLE_USER""]"
nattwaterfy,Nealy,Attwater,Sycamore,6066,44410,2001-02-09,true,19,oh5bzlPPelF,"[""ROLE_USER""]"
mcorteisfz,Monica,Corteis,Forster,679,78280,2003-07-13,true,14,Z30xmApPPnLM,"[""ROLE_USER""]"
pallisong0,Phil,Allison,Center,59635,,2011-11-22,false,7,5YQ1KIk,"[""ROLE_USER""]"
ddearingg1,Donelle,Dearing,Independence,0319,,2003-05-15,false,11,1CVCdAHxT,"[""ROLE_USER""]"
fdenesg2,Fayre,Denes,Arapahoe,33,,2014-10-18,true,6,JfSDyJ,"[""ROLE_USER""]"
jpirnieg3,Joycelin,Pirnie,Reinke,0,1552,2002-01-01,false,7,P3Gxw0GmFWc,"[""ROLE_USER""]"
pthodayg4,Piggy,Thoday,Manufacturers,5360,666811,1999-10-12,true,18,nnZHtU1URj,"[""ROLE_USER""]"
sbrunigesg5,Sallyann,Bruniges,Kennedy,41106,90110,2010-10-30,false,4,GgncPOCVLCkg,"[""ROLE_USER""]"
nschreinerg6,Nydia,Schreiner,Brentwood,68494,14790-000,2007-11-23,true,12,4t8OGbUcmmr,"[""ROLE_USER""]"
cbellog7,Charisse,Bello,Evergreen,753,64110-000,1999-03-10,true,9,nE251v9o,"[""ROLE_USER""]"
gwilmottg8,Garrot,Wilmott,Florence,42005,22016,2007-12-31,true,7,lfuubWeNyA,"[""ROLE_USER""]"
akropg9,Aveline,Krop,Village Green,44,,2017-05-28,false,16,b4eXqrdPqHv,"[""ROLE_USER""]"
lcleatonga,Lauritz,Cleaton,Dennis,23,,2020-03-13,false,18,ZBTrDD8NqO,"[""ROLE_USER""]"
ocloughergb,Orlando,Clougher,Maryland,0928,7001,2005-11-08,true,11,UoJAZRfDz,"[""ROLE_USER""]"
ngianiellogc,Noel,Gianiello,Shopko,6885,4505-427,2007-03-28,false,19,zr10mXo,"[""ROLE_USER""]"
vfineygd,Valene,Finey,Laurel,499,,2013-07-30,true,1,JhJzOurtfm,"[""ROLE_USER""]"
aselmange,Ardyth,Selman,Arizona,6912,,2020-11-30,false,15,omlETFI,"[""ROLE_USER""]"
aandreygf,Arabele,Andrey,Barnett,2572,,2018-05-13,false,13,iuK1MA0,"[""ROLE_USER""]"
tovittsgg,Tildy,Ovitts,Bellgrove,69666,25600-000,2006-10-21,false,10,Y2c09U,"[""ROLE_USER""]"
mrulergh,Morgana,Ruler,Monterey,712,4527,2003-07-08,false,7,nphcx3b4u,"[""ROLE_USER""]"
dfinneygi,Dominique,Finney,Susan,308,2495-205,2022-10-16,false,4,Y9HoTXAptA,"[""ROLE_USER""]"
peallesgj,Patsy,Ealles,Porter,1,7644,2000-02-13,false,19,CTLe6GhK,"[""ROLE_USER""]"
sgorussogk,Sallee,Gorusso,Lakeland,463,633260,1999-11-16,true,14,bnATCh57,"[""ROLE_USER""]"
tbeardsleygl,Trefor,Beardsley,Morningstar,99247,,2022-10-16,true,6,jt1VIr2nNab,"[""ROLE_USER""]"
mportmangm,Monica,Portman,Stang,1738,,2021-10-04,true,4,HOqIbopSDYwD,"[""ROLE_USER""]"
ssimunekgn,Sascha,Simunek,Hooker,1,98-273,2008-03-19,false,6,jAtuicJ,"[""ROLE_USER""]"
dbadseygo,Dniren,Badsey,Mesta,75,,2010-12-08,false,6,95yv4Hx,"[""ROLE_USER""]"
tsemirazgp,Therese,Semiraz,Bunting,82445,34629,2001-07-17,false,19,gKTeZU9m,"[""ROLE_USER""]"
gperfiligq,Gussy,Perfili,Packers,710,,2019-06-12,false,20,rPaDN804v,"[""ROLE_USER""]"
ahaughangr,Aristotle,Haughan,Myrtle,596,,2006-03-17,false,20,2rZQXW,"[""ROLE_USER""]"
vfrischgs,Virginia,Frisch,Fordem,551,368692,1999-10-14,true,10,idY0zki5,"[""ROLE_USER""]"
cwranklinggt,Colly,Wrankling,Valley Edge,68897,5060-569,2019-04-19,false,18,7LHAQ1,"[""ROLE_USER""]"
kahrendsengu,Kimberly,Ahrendsen,Eagle Crest,78813,,2020-10-06,true,6,J6znRaaS80,"[""ROLE_USER""]"
gtoyergv,Gay,Toyer,Canary,719,,2008-02-09,true,2,Qb94TMVJKC,"[""ROLE_USER""]"
jfelderergw,Janeczka,Felderer,Heath,1302,,2000-05-01,false,13,js6Kg4FzD,"[""ROLE_USER""]"
tohartnettgx,Tucker,O'Hartnett,Annamark,07985,,2015-10-08,false,5,F9PAmHZbl,"[""ROLE_USER""]"
mpenniallgy,Milo,Penniall,Surrey,3226,12307,2021-01-26,true,9,FSwPqae2,"[""ROLE_USER""]"
rscrimshawgz,Robin,Scrimshaw,Westridge,33,,2003-04-27,true,7,VkCw1Gu2DCk,"[""ROLE_USER""]"
mhargreavesh0,Micheil,Hargreaves,Linden,087,,2001-07-21,false,5,nHzpak81,"[""ROLE_USER""]"
gcowplandh1,Grier,Cowpland,Lighthouse Bay,38,,2014-06-10,true,8,m8pu9iGN,"[""ROLE_USER""]"
jlewryh2,Jacques,Lewry,Dwight,58,,2001-02-20,true,14,x5pv1AuJSs,"[""ROLE_USER""]"
vdeemanh3,Vicki,Deeman,2nd,07,,2019-07-23,true,19,nAQ0mx,"[""ROLE_USER""]"
csorrieh4,Chanda,Sorrie,Twin Pines,53,372 34,2020-10-10,false,2,N6I5bnV2o3tw,"[""ROLE_USER""]"
fwarmishamh5,Ferdinand,Warmisham,Sommers,180,,1999-07-30,true,18,XyFJEZ,"[""ROLE_USER""]"
fhaggertyh6,Ferd,Haggerty,Everett,93187,22212,2014-11-23,true,13,YOhnMAwRr2,"[""ROLE_USER""]"
hdilkesh7,Herta,Dilkes,La Follette,967,2284,2009-01-24,true,3,HTuycz,"[""ROLE_USER""]"
ijachimiakh8,Isacco,Jachimiak,Mcbride,550,,2007-09-19,true,19,oTufoI,"[""ROLE_USER""]"
ihaddestonh9,Irwin,Haddeston,Moland,3840,14840-000,1999-01-26,false,4,TSRjZbrqKc,"[""ROLE_USER""]"
srheadha,Suzy,Rhead,Stuart,17,,1999-02-17,true,2,N8Yzd7yv,"[""ROLE_USER""]"
nkildahlhb,Newton,Kildahl,Sullivan,5,,2006-03-18,true,5,azU4a1r,"[""ROLE_USER""]"
rcopshc,Roland,Cops,Packers,7864,,2003-12-29,false,7,7yO7qXQzhn,"[""ROLE_USER""]"
lfreathyhd,Llewellyn,Freathy,8th,9915,,2013-08-01,true,14,Ijh56qp,"[""ROLE_USER""]"
rivanusyevhe,Ruthann,Ivanusyev,Holy Cross,4,,2012-08-16,true,4,pB5n4mlGKl,"[""ROLE_USER""]"
mcutcheyhf,Minta,Cutchey,Westerfield,4,,2019-06-16,true,8,IaYh44OiJJe,"[""ROLE_USER""]"
npaikhg,Nikolas,Paik,Gale,54,,2014-10-12,false,4,3GE0xv2Prw,"[""ROLE_USER""]"
swebleyhh,Solomon,Webley,Rusk,6,,2020-12-14,true,2,7EIma3d5,"[""ROLE_USER""]"
eianiellohi,Ermin,Ianiello,Packers,6246,,2010-07-08,true,18,dLvxP8,"[""ROLE_USER""]"
growthornhj,Gabe,Rowthorn,Jay,68800,,2004-10-13,true,6,AT1YQ6y5gur,"[""ROLE_USER""]"
jhatfieldhk,Jessa,Hatfield,Vera,7265,,2018-01-03,true,2,mkFPX68tGF,"[""ROLE_USER""]"
epoulsonhl,Eugenia,Poulson,Old Gate,47,,2003-09-19,true,16,9f7fu2pa,"[""ROLE_USER""]"
ewadmanhm,Eugen,Wadman,Marquette,8,,2022-03-21,true,8,njsdoQxLe,"[""ROLE_USER""]"
dhuetthn,Dilly,Huett,Marquette,67,,2010-07-16,false,14,YLISzqGC2H,"[""ROLE_USER""]"
cslarkho,Courtnay,Slark,Texas,13,27710,1999-10-31,true,3,J7gpaJqoZia,"[""ROLE_USER""]"
fhaberfieldhp,Francisca,Haberfield,Eastlawn,08894,44770-000,2019-05-19,false,7,CTFzxmaNsZ,"[""ROLE_USER""]"
mteresiahq,Malissa,Teresia,Canary,609,,2021-12-26,true,3,PtdPdEDb5,"[""ROLE_USER""]"
rbeinehr,Royal,Beine,Dayton,5,,2020-05-02,true,12,WDkovNxVMcr,"[""ROLE_USER""]"
pranyhs,Parker,Rany,Pine View,1,2259,2019-10-02,false,1,2VhbMY3oR9,"[""ROLE_USER""]"
gmaesht,Gifford,Maes,Dexter,76,3840-045,2018-04-28,false,15,m6yssZ,"[""ROLE_USER""]"
hlisetthu,Helaine,Lisett,Brentwood,57375,30170,2004-07-11,true,14,G9Rh3nXkoyuN,"[""ROLE_USER""]"
ohansardhv,Ozzy,Hansard,Warrior,58,70760,2005-07-02,true,8,2AGTBq,"[""ROLE_USER""]"
bisaakhw,Beatrice,Isaak,Becker,1142,,2008-01-03,true,14,KOjW6y,"[""ROLE_USER""]"
abrogiottihx,Annmarie,Brogiotti,Summerview,1,,2006-07-04,false,14,8GXjUvjI,"[""ROLE_USER""]"
whearonshy,Waneta,Hearons,Veith,1,542 35,2004-08-11,true,3,aiyLbg,"[""ROLE_USER""]"
lwylamhz,Leona,Wylam,Barby,4,20150,2016-05-28,true,8,DcW1LbXgAat,"[""ROLE_USER""]"
aammeri0,Adan,Ammer,International,8830,7904,2012-08-11,true,6,EbbWZv2,"[""ROLE_USER""]"
jfaseyi1,Jacquelyn,Fasey,Golf View,7,,1999-05-03,false,13,tEmnSp,"[""ROLE_USER""]"
bgraingei2,Bertha,Grainge,Continental,50310,43260,2014-04-11,true,8,NPNItZx4aI6,"[""ROLE_USER""]"
dnesterovi3,Dani,Nesterov,Grayhawk,4334,,1998-10-14,false,3,FfOdAeg26,"[""ROLE_USER""]"
ecreboi4,Eudora,Crebo,Jenna,24,319-1559,2010-01-02,false,20,9g4ByN2inG3,"[""ROLE_USER""]"
spiwalli5,Sashenka,Piwall,Esker,3,,2018-07-31,false,10,c2sdg6iXNseg,"[""ROLE_USER""]"
tmarwoodi6,Terri-jo,Marwood,Florence,161,,2002-11-24,true,4,sx1tNrRhzdH,"[""ROLE_USER""]"
rblackboroughi7,Roze,Blackborough,Bartelt,7866,44269,2007-01-10,false,12,dCvZp6Ll5rR,"[""ROLE_USER""]"
ddorrani8,Dorris,Dorran,Elmside,42157,,2020-10-25,true,9,ozpAh1CyNI,"[""ROLE_USER""]"
hguitti9,Hersh,Guitt,Orin,583,,2008-01-09,true,6,TW1Y07dAI,"[""ROLE_USER""]"
gciepluchia,Gibbie,Ciepluch,5th,435,5504,1999-03-19,false,1,MGMLLQ7Hm,"[""ROLE_USER""]"
kgristib,Kristofer,Grist,Coleman,0,,2015-03-11,false,12,NSdCz7AHofQ7,"[""ROLE_USER""]"
namossic,Normand,Amoss,Rusk,0744,403 35,2008-10-31,false,9,HPcqGcLVKF,"[""ROLE_USER""]"
abilbieid,Aubry,Bilbie,Milwaukee,0,,2021-06-06,false,5,1hfpcA5nwr,"[""ROLE_USER""]"
cshowteie,Cordula,Showte,Tony,30,,2019-02-06,true,12,gf9ywOZFW,"[""ROLE_USER""]"
jforryanif,Justino,Forryan,Northport,18939,2907,2006-05-04,false,8,d5kYM5VQdc,"[""ROLE_USER""]"
mloutheaneig,Mayne,Loutheane,Dexter,25953,471 41,2009-02-27,false,1,cjFLil,"[""ROLE_USER""]"
pcubuzziih,Paige,Cubuzzi,Scoville,9483,126 41,2020-11-17,false,15,6exyARx2,"[""ROLE_USER""]"
mfalknerii,Marne,Falkner,Hauk,05927,,2012-05-25,true,16,bd1dM5B,"[""ROLE_USER""]"
emcianij,Elena,McIan,Mccormick,5,46-250,2000-05-19,false,2,DuXlEIc3fI,"[""ROLE_USER""]"
dsternik,Dillon,Stern,Cambridge,52,,2014-08-01,true,4,oWxYp6JFn9,"[""ROLE_USER""]"
scicccittiil,Sheilakathryn,Cicccitti,Mitchell,2,,2016-01-03,false,20,IcoKVriyg,"[""ROLE_USER""]"
rsawnwyim,Rogers,Sawnwy,Northview,76,,2007-08-16,true,4,tP5kU2wxn5,"[""ROLE_USER""]"
mtopesin,Maynord,Topes,Pierstorff,8,,2022-11-23,false,11,IRFl8ybh4yl,"[""ROLE_USER""]"
enewellio,Ester,Newell,Scoville,5255,,2021-08-14,false,19,rJ8F2UOI6,"[""ROLE_USER""]"
rpresnailip,Randie,Presnail,Farmco,9,,2004-06-28,false,12,iUErTq,"[""ROLE_USER""]"
zdecaroliiq,Zebulon,De Caroli,Katie,09992,,2003-08-14,true,7,2vb2TV,"[""ROLE_USER""]"
vlooneyir,Vin,Looney,Arapahoe,632,353827,2007-11-03,false,14,xn28Fhhh,"[""ROLE_USER""]"
itripeanis,Ignatius,Tripean,Schmedeman,01,403115,2006-06-03,true,7,EJBIGI,"[""ROLE_USER""]"
handrejsit,Helenelizabeth,Andrejs,Hooker,511,,2013-03-11,false,15,c0FiMRkt,"[""ROLE_USER""]"
cfisheiu,Christen,Fishe,Linden,21,,1998-10-03,false,7,WptKYRgH,"[""ROLE_USER""]"
lwingeriv,Leslie,Winger,Vermont,2313,75902 CEDEX 15,2021-10-29,false,15,7fGmUL,"[""ROLE_USER""]"
cmccooliw,Carolina,McCool,Maple Wood,342,,2021-07-21,true,13,RgLeREq,"[""ROLE_USER""]"
nmorpheyix,Nealy,Morphey,Westerfield,36,6008,2005-02-06,false,16,Lo0MyWok94b,"[""ROLE_USER""]"
pokelliy,Padriac,Okell,Ilene,2,7119,2020-11-19,true,20,kCt3pwg5pi,"[""ROLE_USER""]"
rsteartiz,Rheba,Steart,Towne,874,259-0318,2006-10-10,true,9,GLIWSrQA0Tp0,"[""ROLE_USER""]"
oizkovitchj0,Orv,Izkovitch,Columbus,834,,2005-03-01,true,16,C0oq7JVZpeY,"[""ROLE_USER""]"
asarfattij1,Aimil,Sarfatti,Bayside,101,,2007-04-01,false,2,2WSw3foj,"[""ROLE_USER""]"
mivasechkoj2,Malachi,Ivasechko,Ronald Regan,784,1109,2022-01-17,false,6,f0ldml7EY8Vo,"[""ROLE_USER""]"
kkrollej3,Korrie,Krolle,Menomonie,927,,2017-12-02,false,19,lN0mfaIn,"[""ROLE_USER""]"
dsummerlyj4,Deidre,Summerly,Susan,6345,,2002-01-08,false,16,01TnCs2n6,"[""ROLE_USER""]"
thowerdj5,Tabby,Howerd,Fallview,83,55014,2010-03-15,true,5,IEeVOgm,"[""ROLE_USER""]"
amaccostoj6,Alick,MacCosto,Butternut,342,D11,2005-07-10,false,7,9t8pIhDz91v,"[""ROLE_USER""]"
bfedorchenkoj7,Berrie,Fedorchenko,Esker,8,9413,2017-07-28,false,10,A9xaVWjlR,"[""ROLE_USER""]"
enewnsj8,Ertha,Newns,Katie,8,3100-806,2019-09-19,true,8,1u9rbNfZ,"[""ROLE_USER""]"
whastwellj9,Wally,Hastwell,Meadow Ridge,1533,303154,2007-02-12,true,10,fdgyQ2,"[""ROLE_USER""]"
tdeethja,Tess,Deeth,Browning,270,6332,2014-09-26,false,9,pAOLxM,"[""ROLE_USER""]"
nbartrumjb,Ninnette,Bartrum,Arrowood,86,16000-000,2015-09-29,false,5,rExfg4swu,"[""ROLE_USER""]"
mtinwelljc,Madonna,Tinwell,Memorial,571,,2008-08-10,true,13,huhrJe,"[""ROLE_USER""]"
mmarrianjd,Marion,Marrian,Sloan,2,,2000-12-22,true,6,dLegyTrB,"[""ROLE_USER""]"
mrassmannje,Milton,Rassmann,Lukken,179,7705,2014-03-18,true,7,hG6lYXvz3,"[""ROLE_USER""]"
ccoddringtonjf,Candra,Coddrington,Larry,1368,507009,2013-09-10,false,15,aS12XB,"[""ROLE_USER""]"
rpemblejg,Roi,Pemble,Pine View,00458,,1998-10-17,false,18,dL3tiBge6V82,"[""ROLE_USER""]"
ncroaljh,Nolly,Croal,Butternut,00729,,2022-11-23,true,14,CfWJnWEhIjuU,"[""ROLE_USER""]"
dmardenji,Della,Marden,Milwaukee,7504,,2011-08-21,false,20,6QbonF,"[""ROLE_USER""]"
apaynjj,Aleksandr,Payn,Havey,3,,2021-03-30,true,18,ZGSomHWq1pG2,"[""ROLE_USER""]"
slambertonjk,Sisile,Lamberton,Bowman,3,35487,2014-07-09,true,3,JBjico,"[""ROLE_USER""]"
larnefieldjl,Luce,Arnefield,Elka,939,,2001-01-09,true,5,peqnI1LM,"[""ROLE_USER""]"
aramblejm,Andrew,Ramble,Lillian,311,446416,2009-09-02,true,2,YzLy4KhSvGV,"[""ROLE_USER""]"
agianolojn,Ariella,Gianolo,Blaine,8247,,2014-09-28,false,5,JzQmjDEMIM,"[""ROLE_USER""]"
nbluettjo,Neille,Bluett,Fremont,5,,2005-04-21,false,1,wzGm2kj,"[""ROLE_USER""]"
gmcgrawjp,Gerick,McGraw,Huxley,9,,2011-06-13,false,9,9cGmra8o,"[""ROLE_USER""]"
cstogilljq,Christopher,Stogill,Logan,020,424 31,2006-02-10,false,4,Exd3QSovG,"[""ROLE_USER""]"
nschafflerjr,Natty,Schaffler,Mendota,889,,2017-11-19,false,6,2PbM8ZupgNx,"[""ROLE_USER""]"
mbonifaciojs,Maris,Bonifacio,Coolidge,51565,,2019-04-27,false,9,1SOgeXHi,"[""ROLE_USER""]"
afrancesconejt,Anne-corinne,Francescone,Namekagon,12766,368293,2011-09-29,false,11,cM1gKJ4HdfQj,"[""ROLE_USER""]"
dkleisleju,Dyana,Kleisle,Declaration,1,88736,2004-05-31,true,11,yRFHmVgc,"[""ROLE_USER""]"
ayokelmanjv,Aleksandr,Yokelman,Burrows,928,6330,2014-03-06,true,9,Un0v2O6U,"[""ROLE_USER""]"
vtrayhornjw,Vanni,Trayhorn,Kenwood,735,,2017-07-02,true,7,XEjzImM8bT,"[""ROLE_USER""]"
lrosenblumjx,Loutitia,Rosenblum,Tomscot,5,4620-400,2022-10-17,true,19,RXkFoV7,"[""ROLE_USER""]"
lskittereljy,Lek,Skitterel,Village,1,,2004-10-16,true,12,JShMIcbflu,"[""ROLE_USER""]"
tmalkinjz,Teddy,Malkin,Eastlawn,78,,2015-09-16,false,9,iN4sMDtEgFN,"[""ROLE_USER""]"
wjohanningk0,Wilfrid,Johanning,Waubesa,4,P3L,2020-10-21,false,4,rdyu2RiLQ,"[""ROLE_USER""]"
jklausenk1,Johnny,Klausen,Mitchell,1,,2006-11-11,false,11,8wTHDe4nw,"[""ROLE_USER""]"
mpetriellok2,Millard,Petriello,Myrtle,23456,,1999-01-17,false,11,QAYD72CGN01u,"[""ROLE_USER""]"
ccawthornk3,Courtnay,Cawthorn,Surrey,1382,3630-074,2013-03-28,false,15,cIb5gkOXp,"[""ROLE_USER""]"
oclaringboldk4,Olivier,Claringbold,Dryden,23175,548 32,2002-11-03,false,9,t8Hpubn5OqOZ,"[""ROLE_USER""]"
cellicockk5,Clyve,Ellicock,Monterey,659,,2016-05-12,true,17,LX6siK5Cir,"[""ROLE_USER""]"
lblunkettk6,Lemuel,Blunkett,Arkansas,3725,999-8207,1999-05-09,true,4,46aYY6Hq,"[""ROLE_USER""]"
lmerredyk7,Larry,Merredy,Corry,1,,2006-01-12,true,15,ARzSyu8VqWg,"[""ROLE_USER""]"
gmorphewk8,Giulia,Morphew,Division,278,,2020-04-09,true,17,KNpPqsrbEsH,"[""ROLE_USER""]"
mtreesk9,Mercedes,Trees,Carioca,8,,2013-03-08,false,8,uRO0LfxL8,"[""ROLE_USER""]"
cnatwickka,Carce,Natwick,Waywood,30753,,2006-06-19,true,15,x50xAOKmpp,"[""ROLE_USER""]"
kvanderstraatenkb,Kelcey,Van Der Straaten,Old Gate,92980,5430,2020-01-05,true,16,4YUBApO9,"[""ROLE_USER""]"
eoglessanekc,Elysee,O'Glessane,Jackson,051,309135,2002-03-22,true,4,UgATKofG,"[""ROLE_USER""]"
zkerfootkd,Zaccaria,Kerfoot,South,6274,,2017-03-28,false,13,4KbirrFmkG5o,"[""ROLE_USER""]"
aneumannke,Alvinia,Neumann,Little Fleur,4,05-822,2005-10-20,true,11,qQ8l2KKpUF,"[""ROLE_USER""]"
rbelfkf,Rivkah,Belf,Heffernan,29,97650-000,2011-01-04,true,10,ffBG5A,"[""ROLE_USER""]"
tdemattiakg,Tailor,De Mattia,Superior,60,,2020-03-09,false,7,qIc9KQswsT1B,"[""ROLE_USER""]"
bgrollekh,Barb,Grolle,Lerdahl,2018,,2022-11-02,false,8,8DND8Rx,"[""ROLE_USER""]"
mraimbauldki,Marysa,Raimbauld,Old Gate,29,,2019-05-24,true,9,gRCGcT,"[""ROLE_USER""]"
irosiekj,Iain,Rosie,Clemons,084,,2006-03-14,true,1,2iK5GS4I,"[""ROLE_USER""]"
btreagustkk,Bastian,Treagust,Rowland,2703,,2007-10-21,true,11,3RPKctzGBZ3,"[""ROLE_USER""]"
ltetlowkl,Loni,Tetlow,Rockefeller,3537,65000,2011-06-16,false,17,BXKLiWSC7z,"[""ROLE_USER""]"
ymoncreiffkm,Yvonne,Moncreiff,Hanover,4271,75096 CEDEX 02,2021-09-10,true,13,RkGM2w,"[""ROLE_USER""]"
browlstonekn,Batsheva,Rowlstone,Daystar,4677,,2021-04-27,true,9,PWjHZI3QLJh,"[""ROLE_USER""]"
jhenrotko,Jay,Henrot,Shoshone,6,26-065,2014-01-26,false,1,kWisTa,"[""ROLE_USER""]"
pcouronnekp,Phillis,Couronne,Scoville,97,197763,2018-04-23,true,11,Gf0mGbgO1k30,"[""ROLE_USER""]"
hmannakq,Harmonie,Manna,Troy,894,,2015-03-13,true,13,cEgh4cWd7,"[""ROLE_USER""]"
mstatherskr,Marietta,Stathers,Ramsey,288,,2016-05-16,false,1,lTV6Pb0swe7R,"[""ROLE_USER""]"
sfishpooleks,Stanislas,Fishpoole,Lake View,23873,59347-000,2018-03-09,false,6,niKSvHv3k7F,"[""ROLE_USER""]"
jcoppinskt,Joly,Coppins,Ridgeview,17380,,2006-04-14,true,14,c27N7se,"[""ROLE_USER""]"
mforoku,Maddalena,Foro,Fisk,60,,2016-04-21,false,11,OTGnWFvSM,"[""ROLE_USER""]"
tstampferkv,Tabbatha,Stampfer,Lillian,990,91815 CEDEX,2003-11-10,false,13,5iWeYn,"[""ROLE_USER""]"
ralgatekw,Robinson,Algate,Ohio,4054,779-3601,2015-02-08,true,6,iWG64aDVo,"[""ROLE_USER""]"
emccloshkx,Edwina,McClosh,Donald,56730,,2001-07-21,true,11,dt2dErk,"[""ROLE_USER""]"
pcaudellky,Phip,Caudell,Maywood,6451,,2022-10-17,false,19,iyHZycoT6,"[""ROLE_USER""]"
hmcgladekz,Harri,McGlade,Orin,2,07013,2010-04-09,false,20,zEu8yNf,"[""ROLE_USER""]"
mhansmanl0,Maurie,Hansman,Pearson,9282,4660-059,2012-09-29,true,15,xhxyIWQI,"[""ROLE_USER""]"
kcallejal1,Kerri,Calleja,Hallows,7806,,2019-10-22,false,9,CQHESNsYFMp,"[""ROLE_USER""]"
nledburyl2,Nert,Ledbury,Reinke,77014,,2013-11-01,false,10,iznZmcerj,"[""ROLE_USER""]"
owrathmalll3,Olin,Wrathmall,Fisk,79,141707,2015-01-01,false,7,LsdUXhYbs9T1,"[""ROLE_USER""]"
rilyinl4,Rogers,Ilyin,Hudson,231,31551,2014-03-13,true,14,7vIlsqcaXA,"[""ROLE_USER""]"
lcarluccil5,Leslie,Carlucci,Vermont,8,,2010-07-24,true,1,zXcRVb,"[""ROLE_USER""]"
lkensittl6,Leona,Kensitt,Calypso,517,,2022-06-16,false,20,mo49bnpdi7,"[""ROLE_USER""]"
vpedgriftl7,Valma,Pedgrift,Hanson,660,,2020-01-19,true,10,kOOaFDd4,"[""ROLE_USER""]"
dmossoml8,Ddene,Mossom,Little Fleur,97,,2014-05-13,true,1,XU53IN,"[""ROLE_USER""]"
abassinghaml9,Anna-maria,Bassingham,Elka,1347,2312,2020-10-16,true,5,d8iMd6eKS,"[""ROLE_USER""]"
bbugdenla,Bernarr,Bugden,Nelson,6,18700-000,2017-11-12,false,6,sEkdr4aFa4,"[""ROLE_USER""]"
tfaulllb,Tarra,Faull,Lien,371,97204 CEDEX,2022-08-23,false,12,kDOj4paeiSx9,"[""ROLE_USER""]"
brobuchonlc,Betteanne,Robuchon,Vernon,389,522088,1999-08-08,false,4,F3Eu0gPo22N,"[""ROLE_USER""]"
rsumpterld,Ruddie,Sumpter,Atwood,98231,66205,2012-05-06,false,5,1aGMde,"[""ROLE_USER""]"
mpassiele,Meryl,Passie,Kim,62,051858,2011-08-12,true,13,6I7mPJP,"[""ROLE_USER""]"
atonsleylf,Adore,Tonsley,Montana,0639,,2011-01-07,false,4,Be7I1r,"[""ROLE_USER""]"
nstrotherslg,Netti,Strothers,Starling,48400,7201,2002-08-11,true,9,mq6cLGFq,"[""ROLE_USER""]"
hbuttlh,Hulda,Butt,Barby,4,,2006-11-05,false,17,mQ4jz4iNVj,"[""ROLE_USER""]"
tharyngtonli,Tara,Haryngton,Summer Ridge,5129,,2013-10-04,false,12,UeWFqglbCj,"[""ROLE_USER""]"
eobraylj,Ezri,Obray,High Crossing,668,66112,2019-11-26,true,19,sL1YliYQq,"[""ROLE_USER""]"
dshitlifflk,Daren,Shitliff,Goodland,82507,,2000-12-16,false,15,WLtg0MdI9EC,"[""ROLE_USER""]"
alemmertzll,Alwyn,Lemmertz,Montana,542,,2006-08-21,false,11,Y6A5Ip6,"[""ROLE_USER""]"
kbrundalllm,Kenny,Brundall,Gerald,687,50566,2019-11-19,false,1,RLN7fAJFB94t,"[""ROLE_USER""]"
espadottoln,Elston,Spadotto,Hazelcrest,18,7250,2003-07-03,true,2,oyCq2gsVn3Ve,"[""ROLE_USER""]"
mpatronlo,Mathew,Patron,Superior,19,97075,2004-09-28,true,17,qvtinqwu,"[""ROLE_USER""]"
mcraighilllp,Mandel,Craighill,Mesta,131,601787,2016-03-14,true,8,cQVNH4qz,"[""ROLE_USER""]"
abrafertonlq,Ashia,Braferton,Blackbird,3279,,2005-06-12,false,17,Fk7mXgzzLmg,"[""ROLE_USER""]"
mbraidmanlr,Mike,Braidman,Mockingbird,7524,,2022-09-19,false,20,71WsvKwqjNee,"[""ROLE_USER""]"
jmacanelleyls,Jimmy,MacAnelley,Daystar,12758,,2000-05-25,false,9,HAFEdwf,"[""ROLE_USER""]"
gtollemachelt,Gill,Tollemache,Lunder,3126,4485-005,2022-11-04,false,11,xglePVZ,"[""ROLE_USER""]"
sclementellu,Shellysheldon,Clementel,Glendale,03231,2310,2016-04-12,true,7,YFYEqxxuh3hK,"[""ROLE_USER""]"
lrosensteinlv,Leanor,Rosenstein,Jay,8,253449,2004-06-07,true,20,BataDu,"[""ROLE_USER""]"
psalasarlw,Padgett,Salasar,Hazelcrest,6181,60-763,2006-03-31,false,11,n7DhOvhYwwzD,"[""ROLE_USER""]"
sgiorgionilx,Sherye,Giorgioni,Carey,573,6306,2013-12-07,false,14,ieqxckHlJdzR,"[""ROLE_USER""]"
dstockportly,Dewitt,Stockport,Northview,5993,,2007-03-16,false,5,Rf5uESGtUTo,"[""ROLE_USER""]"
rshipmanlz,Ronalda,Shipman,Rutledge,25,,2009-03-08,true,8,IfrNnf,"[""ROLE_USER""]"
bcauncem0,Benedetto,Caunce,Pine View,133,90605,2020-12-18,false,16,7B5Xciy,"[""ROLE_USER""]"
cogglebiem1,Chaddie,Ogglebie,Nova,64301,,2013-09-30,false,5,tHgrmKYVrsWU,"[""ROLE_USER""]"
mgoodallm2,Man,Goodall,Bay,9,142817,2000-08-04,false,18,3la9LV86cbU,"[""ROLE_USER""]"
langusm3,Leighton,Angus,Melby,16,37-224,2021-12-12,true,8,yJ1K4JCv,"[""ROLE_USER""]"
mweatherallm4,Morgan,Weatherall,Alpine,10681,,2015-11-22,true,13,oMNk3n,"[""ROLE_USER""]"
mmiskimmonm5,Manuel,Miskimmon,Charing Cross,870,,2000-05-30,true,3,La8UDmn763,"[""ROLE_USER""]"
zmorseym6,Zack,Morsey,1st,65,,2009-12-11,true,18,lX2xkZGt7,"[""ROLE_USER""]"
dmargeramm7,Dari,Margeram,Wayridge,877,,2018-07-17,false,8,xofeU02XA,"[""ROLE_USER""]"
obeggm8,Odette,Begg,Roxbury,11,,2006-03-23,false,1,LOs4Q6a,"[""ROLE_USER""]"
hvarseym9,Harri,Varsey,Fulton,53645,,2020-11-13,true,16,eeSsQWjy7,"[""ROLE_USER""]"
cmussingtonma,Cortie,Mussington,Lawn,9,50205,2008-06-27,false,16,iHLIqR,"[""ROLE_USER""]"
zinworthmb,Zebulen,Inworth,Loftsgordon,50,,2009-11-20,false,5,eNq5a1aRLt,"[""ROLE_USER""]"
nlawfullmc,Nikita,Lawfull,Sachs,4,,2007-08-18,false,19,T9iR0x6NMS,"[""ROLE_USER""]"
alathommd,Arleen,Lathom,Holy Cross,5458,,2006-11-23,false,15,ZOZtsGq,"[""ROLE_USER""]"
dwoodleyme,Daile,Woodley,Talmadge,0,,2002-06-01,false,17,9oiDjFGtBeNZ,"[""ROLE_USER""]"
sjammemf,Sigismondo,Jamme,Meadow Valley,2171,81679,2017-10-08,false,2,dd1lsYB,"[""ROLE_USER""]"
aharkinsmg,Aimee,Harkins,Kennedy,87265,,2004-08-17,true,20,1MGA7VdDV9n,"[""ROLE_USER""]"
amcdoualmh,Alexis,McDoual,Artisan,9758,,2015-11-20,true,12,N8LDcf2kkll,"[""ROLE_USER""]"
cbrayfordmi,Candace,Brayford,Dawn,3,27929 CEDEX 9,2021-12-11,true,1,UtZEVGRoaw0F,"[""ROLE_USER""]"
drixmj,Diego,Rix,Dakota,3,,2012-10-23,false,16,JzVN7FPMPH,"[""ROLE_USER""]"
theinzelmk,Teddie,Heinzel,Schmedeman,2041,,2002-04-17,true,10,khMciJFH,"[""ROLE_USER""]"
rfyfieldml,Roana,Fyfield,5th,21,12008,1998-11-05,false,11,s53z2wzy,"[""ROLE_USER""]"
gstapletonmm,Glenda,Stapleton,Lunder,06540,,2019-09-02,true,4,PEzbvqxmM,"[""ROLE_USER""]"
msiaspinskimn,Mariellen,Siaspinski,Old Shore,20,,2006-07-04,true,7,QUm4QF,"[""ROLE_USER""]"
dvineallmo,Delcina,Vineall,Hoepker,867,,2005-09-07,true,9,AOUZVZzS,"[""ROLE_USER""]"
skleinstubmp,Skyler,Kleinstub,Browning,5774,75120,2003-12-30,true,4,JRfYj9KPNjT,"[""ROLE_USER""]"
lvannuchimq,Lancelot,Vannuchi,Rutledge,40059,77140,1999-03-23,true,1,F0FulQcR,"[""ROLE_USER""]"
kstovesmr,Kathryn,Stoves,Anniversary,678,,2011-06-12,false,6,0Hj5Egss,"[""ROLE_USER""]"
jcarletonms,Jarret,Carleton,Holy Cross,8068,,2016-06-20,true,18,ybwXVEfpQ,"[""ROLE_USER""]"
kthurbornmt,Kirbee,Thurborn,Thierer,51095,,2012-11-02,false,18,cmGKXswjor,"[""ROLE_USER""]"
pgorettimu,Pauline,Goretti,Nevada,4,,2002-06-30,true,16,O828d6cv4x,"[""ROLE_USER""]"
bjeannenetmv,Brok,Jeannenet,Westridge,18307,,2019-04-30,true,5,O4ofHkg,"[""ROLE_USER""]"
lpawelkemw,Leonid,Pawelke,Northwestern,29,57704 CEDEX,2022-06-04,true,10,DYatI1Jf,"[""ROLE_USER""]"
pcattenachmx,Page,Cattenach,Golf View,67324,,2019-07-06,true,16,riTex9,"[""ROLE_USER""]"
hlittefairmy,Hasty,Littefair,Oakridge,65,43280,2002-07-09,false,12,tixGXigm,"[""ROLE_USER""]"
alandellsmz,Aron,Landells,Sage,786,,2015-06-29,false,1,LdCns2jYMWl,"[""ROLE_USER""]"
hplaskettn0,Hollyanne,Plaskett,Vera,005,MD-4112,2006-07-13,false,10,dINqDTV,"[""ROLE_USER""]"
fstathersn1,Frants,Stathers,Washington,564,92619,1999-12-13,true,12,RKdycLw,"[""ROLE_USER""]"
cshebern2,Cicily,Sheber,Ronald Regan,87665,9414,2019-01-11,false,18,zCNAbx,"[""ROLE_USER""]"
fdeboldn3,Flory,Debold,Shelley,90,,2002-10-26,false,7,LpbcW59M,"[""ROLE_USER""]"
isalvadorn4,Idelle,Salvador,Twin Pines,65,,2004-08-03,true,2,8DYoVwo8,"[""ROLE_USER""]"
ahollingsbeen5,Amalia,Hollingsbee,Merrick,41,678944,2006-01-09,true,6,NROhyPcJen,"[""ROLE_USER""]"
msantoran6,Madella,Santora,Darwin,72,414029,2020-04-11,true,2,zAfP1n82uVLk,"[""ROLE_USER""]"
dkemetn7,Dyna,Kemet,Spenser,160,,2008-11-28,false,18,mYa634piGDeA,"[""ROLE_USER""]"
cionnidisn8,Corbie,Ionnidis,Hansons,1799,533 45,2019-06-20,false,16,f5zCfYcKv,"[""ROLE_USER""]"
mmcguffn9,Marco,McGuff,Thompson,0256,,2015-10-15,true,13,myXf8OFl,"[""ROLE_USER""]"
lnockellsna,Leisha,Nockells,Clyde Gallagher,37599,93300-000,2012-09-10,false,15,S4X04Ql5JFZ,"[""ROLE_USER""]"
alagnenb,Aylmer,Lagne,Starling,1,,2023-05-01,true,1,t3yeF2vgUi,"[""ROLE_USER""]"
lablottnc,Loise,Ablott,Nova,2225,,2006-07-06,true,6,MLYgP7w2,"[""ROLE_USER""]"
gworstallnd,Glenden,Worstall,Roth,4970,,2011-10-30,true,17,uT4qADP,"[""ROLE_USER""]"
adarycottne,Any,Darycott,Starling,517,,2012-08-21,false,2,siB3qME5eF6J,"[""ROLE_USER""]"
hjoostnf,Herold,Joost,Sloan,2,2725-528,2010-05-27,false,15,orFWoSGUBeUd,"[""ROLE_USER""]"
lholthamng,Lazarus,Holtham,Crowley,76,,2011-02-07,true,19,EgxwackUU,"[""ROLE_USER""]"
bwallsamnh,Brandea,Wallsam,Kensington,62436,62-035,2018-07-12,false,13,5zj4AxHq31,"[""ROLE_USER""]"
tduganni,Trever,Dugan,Waubesa,09129,96799,2007-08-09,false,9,BtnjCwKUR,"[""ROLE_USER""]"
vethridgenj,Vicky,Ethridge,Waxwing,137,,2017-11-18,true,14,iJUGMXsVp6i6,"[""ROLE_USER""]"
cspoffordnk,Callida,Spofford,Brickson Park,4,684058,2018-09-27,true,12,TraRMSNINjI,"[""ROLE_USER""]"
ebrognotnl,Efrem,Brognot,Jay,704,3830-473,2022-06-16,true,2,F4YAWYn,"[""ROLE_USER""]"
wmauchlennm,Willi,Mauchlen,Washington,83674,09123,2001-04-16,false,2,CkIU7Oria,"[""ROLE_USER""]"
iclaricoatesnn,Izaak,Claricoates,David,1111,N3S,2008-10-08,true,14,2u0rnMyHwNyc,"[""ROLE_USER""]"
ccogginno,Coraline,Coggin,Stang,6111,,2020-06-04,false,3,4q1LU20wogEz,"[""ROLE_USER""]"
vdowleynp,Vonnie,Dowley,Graceland,6,,2003-11-30,false,19,7y39kKcryTw2,"[""ROLE_USER""]"
hkochelnq,Huntley,Kochel,Sutteridge,8507,,2015-09-05,false,5,LbdkzK,"[""ROLE_USER""]"
skinnachnr,Sibel,Kinnach,Golf Course,18639,,2023-05-23,true,8,Ak1sQa,"[""ROLE_USER""]"
dosherrinns,Dorie,O'Sherrin,Jenifer,1646,1105,1999-05-11,false,10,xN0Tlq1,"[""ROLE_USER""]"
bpughsleynt,Birch,Pughsley,Dryden,9,,2006-04-13,false,8,04637rbJkP,"[""ROLE_USER""]"
jreimernu,Jerad,Reimer,Homewood,51,,2009-09-06,false,13,uUJVeMQY,"[""ROLE_USER""]"
dwestphalennv,Dulcine,Westphalen,Sutherland,78885,57032 CEDEX 01,2007-10-27,true,18,mhWTtmN,"[""ROLE_USER""]"
mcuseicknw,Myra,Cuseick,Commercial,34,981 22,2023-04-09,true,9,CX8Yjf6NYE,"[""ROLE_USER""]"
eburtonnx,Emmy,Burton,Dwight,14210,,2006-11-19,true,13,eelY2ujv2PLt,"[""ROLE_USER""]"
rmckeadyny,Rutger,McKeady,Jana,40,,2005-08-09,true,15,OX6Nsv4fKA,"[""ROLE_USER""]"
nsidebottomnz,Nady,Sidebottom,East,1229,1040,1999-04-06,false,13,KKexZfvyhSW,"[""ROLE_USER""]"
gwivello0,Gene,Wivell,Northview,932,4490-204,2018-11-16,true,8,JwjrJs,"[""ROLE_USER""]"
dmingueto1,Dorothy,Minguet,Mandrake,2340,,2009-09-02,true,17,HiX6miCUHBX4,"[""ROLE_USER""]"
cthunderchiefo2,Caryl,Thunderchief,3rd,7302,,2002-11-05,true,16,uc4N6Dg6B,"[""ROLE_USER""]"
mtemprello3,Maximilianus,Temprell,Waywood,43834,77228,2012-06-30,true,12,uMbBWYil,"[""ROLE_USER""]"
pcirloso4,Peggy,Cirlos,Declaration,4,,2021-10-21,true,1,yJnUft,"[""ROLE_USER""]"
lbellinghamo5,Lorelle,Bellingham,Hoffman,5,9225,2014-12-28,true,17,pHARJx4Kk,"[""ROLE_USER""]"
rcorradeschio6,Randi,Corradeschi,Derek,4,,2015-07-27,false,17,tzFX6RfOYLPU,"[""ROLE_USER""]"
ffortyeo7,Florina,Fortye,New Castle,3,360-0016,2020-03-14,false,12,ppQvpETlTw4N,"[""ROLE_USER""]"
afieldsendo8,Anita,Fieldsend,Basil,81003,9712,2000-10-12,false,9,NE11Lk1,"[""ROLE_USER""]"
egrubbo9,Elly,Grubb,Carey,33,51000,2004-10-20,false,12,tOHkRcbuj,"[""ROLE_USER""]"
jwinsomeoa,Julieta,Winsome,Main,1902,,2001-03-09,true,19,CW1dGmPeCg,"[""ROLE_USER""]"
dstathersob,Daisey,Stathers,Vermont,771,241904,2010-07-11,false,11,Ubh7D3rnWhuY,"[""ROLE_USER""]"
akondratenyaoc,Averil,Kondratenya,Redwing,37,16124,2001-02-08,true,13,yk7jJe2,"[""ROLE_USER""]"
lfonteod,Lishe,Fonte,Fair Oaks,46668,,2005-08-07,true,20,vUWpARpkTgp,"[""ROLE_USER""]"
idomelawoe,Ibrahim,Domelaw,6th,490,745 84,2016-09-16,false,18,42wDy7,"[""ROLE_USER""]"
kcantillonof,Katha,Cantillon,Holmberg,636,73119,2001-08-19,false,13,5k6B03,"[""ROLE_USER""]"
hbedwardog,Hasty,Bedward,Karstens,4076,,2023-04-07,false,11,W6sRph,"[""ROLE_USER""]"
fmylchreestoh,Forbes,Mylchreest,Stephen,4,403800,2005-09-19,true,19,dkepsy9GO,"[""ROLE_USER""]"
wantonuttioi,Warde,Antonutti,Red Cloud,60110,,2017-07-02,true,3,z6frkKQbRo,"[""ROLE_USER""]"
balcoranoj,Baron,Alcoran,Merrick,51,,2002-11-29,false,19,lGHTND,"[""ROLE_USER""]"
mkitchinhamok,Marlyn,Kitchinham,Buena Vista,899,,2013-09-11,true,13,qBDqiCpQWJ2,"[""ROLE_USER""]"
aivankovol,Alison,Ivankov,Donald,7412,,2013-03-08,true,20,2Iqo8DCg2IO,"[""ROLE_USER""]"
egiddensom,Ervin,Giddens,Dottie,98,,2016-02-22,false,17,jw56AY,"[""ROLE_USER""]"
eprielon,Elbert,Priel,Cottonwood,6966,10004 CEDEX,2020-04-12,false,15,f1akcr6o6z,"[""ROLE_USER""]"
cmarkieoo,Carver,Markie,Oriole,234,27415,2010-07-15,true,1,eOp4BMsK,"[""ROLE_USER""]"
tconnellop,Tannie,Connell,Kinsman,9,47700-000,2006-04-27,false,18,zvJ6KcKPV2NT,"[""ROLE_USER""]"
obengtssonoq,Otis,Bengtsson,Towne,449,,2019-04-18,true,5,3LlDPd,"[""ROLE_USER""]"
tvolkesor,Teresa,Volkes,Ridge Oak,81000,,2012-10-16,true,15,1x757u3,"[""ROLE_USER""]"
jrushsorthos,Jemie,Rushsorth,Bultman,84,,2005-04-15,true,13,e4Gyp9ux,"[""ROLE_USER""]"
fboatwrightot,Florina,Boatwright,Ruskin,45664,,2005-05-02,true,15,LOePDs,"[""ROLE_USER""]"
lhaylerou,Lib,Hayler,Truax,5,873-0001,2015-12-04,false,1,RhuFnG,"[""ROLE_USER""]"
fjewksov,Fabian,Jewks,Clarendon,9,333 01,2006-11-11,false,8,rkaeIHTQUj,"[""ROLE_USER""]"
hhargetow,Harriette,Harget,West,81,,2018-07-02,false,19,Cb85xIF5Es,"[""ROLE_USER""]"
shirsthouseox,Sherilyn,Hirsthouse,Donald,226,,2006-05-14,false,4,u48wXma8dC,"[""ROLE_USER""]"
bduboisoy,Barnaby,Dubois,Mallard,649,,2004-06-15,true,3,t90L7JsEiYlo,"[""ROLE_USER""]"
mstruthersoz,Moyra,Struthers,Fremont,2371,,2007-11-05,false,3,DI52c222ZrAB,"[""ROLE_USER""]"
trosenqvistp0,Talya,Rosenqvist,Fallview,49441,72-210,2013-05-26,true,6,E0FgfXj,"[""ROLE_USER""]"
mrathep1,Murial,Rathe,Coleman,9738,,2012-08-31,false,8,40IOBj,"[""ROLE_USER""]"
svynardep2,Silva,Vynarde,David,83786,72100,2012-01-16,false,3,Lye4hIMpJ,"[""ROLE_USER""]"
mbriandp3,Misti,Briand,Amoth,3,,2012-09-12,true,4,4fGPnGsACG9h,"[""ROLE_USER""]"
rorfeurp4,Ryan,Orfeur,Dexter,5,,2005-12-16,false,18,FpWGaM0,"[""ROLE_USER""]"
bmaskillp5,Bridget,Maskill,Graedel,43405,763518,2012-11-15,true,10,7gfPzj6,"[""ROLE_USER""]"
mmargramp6,Merrill,Margram,Trailsway,5185,52332,2011-02-04,true,9,dHv06yLBsS,"[""ROLE_USER""]"
lotterwellp7,Leticia,Otterwell,Dakota,7065,662133,2020-04-05,true,19,eJCqM4,"[""ROLE_USER""]"
edrennanp8,Elia,Drennan,Montana,9098,2234,2003-07-02,false,15,7ypXK4SK57,"[""ROLE_USER""]"
sjalesp9,Stanislaw,Jales,Kennedy,8,751 19,2022-01-19,false,18,RPn8O5LX,"[""ROLE_USER""]"
rthornborrowpa,Rosemarie,Thornborrow,Killdeer,075,423229,2006-01-14,true,6,iOp1Pj,"[""ROLE_USER""]"
lzanellipb,Lesley,Zanelli,Haas,1721,250618,1999-08-12,true,11,vqRvGUN07,"[""ROLE_USER""]"
spetkenspc,Sammy,Petkens,Hanson,53924,5600,2018-10-07,false,13,lXvluTU,"[""ROLE_USER""]"
sfardypd,Staffard,Fardy,Westerfield,1,1300,2011-07-13,true,14,Rdef8as3,"[""ROLE_USER""]"
lcrewtherpe,Leupold,Crewther,Service,15,,2010-06-04,false,14,pcrPhYNGxS2,"[""ROLE_USER""]"
tgainespf,Tatiania,Gaines,Harbort,30566,,2001-06-27,false,1,ukGSKvP,"[""ROLE_USER""]"
eeasbypg,Estrella,Easby,Ludington,15,,2022-10-25,false,19,gI6s5E6C,"[""ROLE_USER""]"
lscraneph,Lucretia,Scrane,Merchant,3017,89130-000,2016-04-16,true,14,3Anad8fDDHUx,"[""ROLE_USER""]"
sthezepi,Sharona,Theze,Ridgeway,36847,,2017-02-24,true,7,mqEpIj22H5y,"[""ROLE_USER""]"
ngymlettpj,Neil,Gymlett,Jackson,5142,,2007-09-30,false,1,cEsrUVj37m3,"[""ROLE_USER""]"
tlamypk,Taddeusz,Lamy,Drewry,8180,397100,2010-02-23,false,20,tm1aMZspNjWc,"[""ROLE_USER""]"
dmaccostypl,Demetre,MacCosty,Artisan,5376,,2017-10-18,false,12,1bzcGbXLZpPl,"[""ROLE_USER""]"
hmallabonepm,Heddi,Mallabone,Jenifer,40,,2007-07-07,true,13,35qFYZM,"[""ROLE_USER""]"
kodeoranpn,Kahaleel,O'Deoran,Lerdahl,36,8207,2005-11-18,true,5,ZVPo9xJ,"[""ROLE_USER""]"
alowriepo,Agatha,Lowrie,Upham,60186,,2001-02-02,false,13,ZXdoxzhfncka,"[""ROLE_USER""]"
cdalziellpp,Cary,Dalziell,Delaware,4776,3870-306,2022-03-14,false,10,AfOYNJd5I,"[""ROLE_USER""]"
chowlespq,Consuelo,Howles,Bellgrove,1734,,2014-12-23,true,20,FLS6hpzJr,"[""ROLE_USER""]"
gpurbrickpr,Grantley,Purbrick,Service,69648,524547,2011-02-23,false,19,06ccBfXre,"[""ROLE_USER""]"
apaulichps,Addy,Paulich,Maple Wood,6,,2002-06-06,true,13,QkoC7BdzAT2,"[""ROLE_USER""]"
bchapplept,Brocky,Chapple,Lakewood,022,4485-174,2006-06-07,true,2,Ta8pzDFM,"[""ROLE_USER""]"
nstrassepu,Nancee,Strasse,Fallview,406,,2005-12-06,false,11,uiRBwogY,"[""ROLE_USER""]"
khoftonpv,Kerstin,Hofton,Iowa,2,9555-145,2018-04-02,true,13,1KuzHkLb,"[""ROLE_USER""]"
baspinpw,Betsey,Aspin,Sundown,02702,,2011-03-18,false,10,uXlq9nAI,"[""ROLE_USER""]"
dmaidstonepx,Debi,Maidstone,Londonderry,2,,2011-09-10,false,6,RYTNkaonXSdq,"[""ROLE_USER""]"
dlelievrepy,Drusi,Le Lievre,Elka,88635,1256,2020-11-09,true,19,M6Bhdg,"[""ROLE_USER""]"
ealyokhinpz,Edeline,Alyokhin,Hoepker,496,659410,2001-03-02,true,14,5imBNHZ,"[""ROLE_USER""]"
ccrumq0,Cherish,Crum,Coleman,06313,,2000-01-03,true,1,nPjNwOpx,"[""ROLE_USER""]"
pbloxholmq1,Penn,Bloxholm,Corben,99,40400,2011-11-12,false,13,mahEXTQip2Z1,"[""ROLE_USER""]"
lrowburyq2,Louisette,Rowbury,Sutteridge,84,,2021-10-28,true,1,HqciwId3SU,"[""ROLE_USER""]"
ghallgarthq3,Gloria,Hallgarth,8th,4229,41015,2014-08-13,false,10,wBKHkrRu0,"[""ROLE_USER""]"
sewellq4,Shell,Ewell,Pleasure,73,95011 CEDEX,2010-05-24,true,19,Tphvzcd,"[""ROLE_USER""]"
jflattq5,Joye,Flatt,Brentwood,5,26000-000,2010-05-22,true,10,SjRIuJoT,"[""ROLE_USER""]"
tsauntq6,Tobin,Saunt,Alpine,12932,1356,2023-01-29,false,11,w2OmP0nVRe,"[""ROLE_USER""]"
ajakuszewskiq7,Andrey,Jakuszewski,Melody,16766,3358,2021-11-10,true,14,DsSrLVm59Frr,"[""ROLE_USER""]"
wvasyaginq8,Waverley,Vasyagin,Hanover,3031,,2017-07-28,false,13,uxJAALfesu1A,"[""ROLE_USER""]"
mjendrachq9,Marena,Jendrach,Towne,67844,58-163,2020-11-07,true,10,TLqVrb70,"[""ROLE_USER""]"
mwemyssqa,Mirelle,Wemyss,Dayton,01,45680-000,2004-12-28,true,15,fKEb4E,"[""ROLE_USER""]"
dmoriganqb,Dane,Morigan,Cordelia,2246,397551,2015-02-12,false,7,X02rmL,"[""ROLE_USER""]"
eroxbroughqc,Elli,Roxbrough,Caliangt,560,,2006-10-03,true,15,ux46q2uglbMr,"[""ROLE_USER""]"
alawleeqd,Anallise,Lawlee,Erie,7749,2520-005,2020-07-25,true,13,gi23p0bDwJwT,"[""ROLE_USER""]"
cthumannqe,Christen,Thumann,Eliot,778,,2003-04-19,true,20,DeLZ1UPYC,"[""ROLE_USER""]"
hlogesdaleqf,Hieronymus,Logesdale,Tony,44387,,2016-07-24,true,19,BaBgjCG9I803,"[""ROLE_USER""]"
msaccoqg,Misti,Sacco,Eggendart,87,2300,2007-03-05,true,12,kjQm0Q51JiwS,"[""ROLE_USER""]"
cmcreidyqh,Clarke,McReidy,Talisman,8254,,2001-10-12,false,1,ty1kWIqF,"[""ROLE_USER""]"
ltempestqi,Lucia,Tempest,Ryan,5973,6527,2012-12-26,true,5,p9SpIx2VF,"[""ROLE_USER""]"
fhavickqj,Fredrika,Havick,Crownhardt,031,5711,2010-07-08,true,19,nHYBARG,"[""ROLE_USER""]"
tburwellqk,Tadeo,Burwell,Blackbird,9459,186 53,2001-11-25,false,13,4tQUOXTpZFzA,"[""ROLE_USER""]"
lmantrippql,Leeann,Mantripp,Trailsway,2,754 48,2004-06-08,false,20,FclPG4,"[""ROLE_USER""]"
rwarenqm,Rudolph,Waren,Grasskamp,4174,,2022-01-27,true,13,CZzJ7ei,"[""ROLE_USER""]"
asayleqn,Allie,Sayle,Randy,80,694903,2006-06-25,true,3,IdF7ngCZp0v,"[""ROLE_USER""]"
hmckainqo,Helene,McKain,Park Meadow,7642,64-810,2008-01-12,false,4,NdEHJq5h,"[""ROLE_USER""]"
ecracoeqp,Eberto,Cracoe,School,036,,2002-10-02,true,9,3nUTf0QmkY,"[""ROLE_USER""]"
ygabbyqq,Yancy,Gabby,Gulseth,3,,2010-05-06,false,5,rJqVZsJKP,"[""ROLE_USER""]"
dsibthorpqr,Dionis,Sibthorp,Glacier Hill,70,1033,2003-06-30,false,20,nxnMHYNCs3I,"[""ROLE_USER""]"
ssuettqs,Sheba,Suett,Pennsylvania,6,,2020-01-25,false,2,XVZFyCTsEc,"[""ROLE_USER""]"
dpumphreysqt,Dulcie,Pumphreys,American Ash,17,2710-200,2002-05-22,false,2,GXDRMIBKxT,"[""ROLE_USER""]"
jmiddellqu,Joelly,Middell,1st,94097,2130-166,2022-11-25,true,15,fLeyXi4ORo,"[""ROLE_USER""]"
iworgeqv,Iolanthe,Worge,Lighthouse Bay,029,3376,2015-04-24,true,20,dgqkTvXbVW1W,"[""ROLE_USER""]"
sheathqw,Sharity,Heath,Express,5964,,2001-11-03,false,7,EMAVYDeLJt8K,"[""ROLE_USER""]"
chambatchqx,Cynde,Hambatch,Sage,49,261 91,2006-11-06,false,1,cjzWFw1,"[""ROLE_USER""]"
tjillittqy,Torey,Jillitt,Westport,41991,,1999-10-06,true,3,zYhYPPTpmKb,"[""ROLE_USER""]"
briellyqz,Ber,Rielly,Spohn,63762,9100-035,2013-02-02,false,16,pj414eru,"[""ROLE_USER""]"
mattersollr0,Malina,Attersoll,Corry,8,3100,2003-09-15,false,18,bgPTvLzFb,"[""ROLE_USER""]"
cstuehmeyerr1,Currey,Stuehmeyer,Delaware,190,,2004-07-26,true,4,axYJkyI,"[""ROLE_USER""]"
rogdahlr2,Roanna,Ogdahl,Loeprich,368,,2008-06-10,true,8,hgIlba,"[""ROLE_USER""]"
adenerleyr3,Akim,Denerley,Bowman,0546,,2009-05-19,true,6,DPtvdCd0ef,"[""ROLE_USER""]"
smerrettr4,Shamus,Merrett,Golf Course,7985,7300,2020-06-09,true,14,C3ehNmSr,"[""ROLE_USER""]"
bbothenr5,Bonni,Bothen,Everett,51913,38524 CEDEX,2021-12-03,false,14,g8QmEdeJ,"[""ROLE_USER""]"
pmardeer6,Paxton,Mardee,Tony,7507,71160,2022-08-05,false,20,9vAHojGn0D,"[""ROLE_USER""]"
tchidwickr7,Torry,Chidwick,Heffernan,57,,2001-07-31,false,17,RfMvlvpvDHDM,"[""ROLE_USER""]"
ntewnionr8,Nathaniel,Tewnion,John Wall,85783,,2000-03-12,false,7,wgeGUiE70V,"[""ROLE_USER""]"
kgravetr9,Killy,Gravet,Grim,87772,234008,2019-05-17,true,11,RY5PYKQA,"[""ROLE_USER""]"
khewertsonra,Karim,Hewertson,Hollow Ridge,67994,75586,2020-07-01,false,17,k6cfg5vxjp,"[""ROLE_USER""]"
hmathiassenrb,Hermione,Mathiassen,Hagan,091,,2000-02-21,false,9,WA0SxIN,"[""ROLE_USER""]"
eoolahanrc,Estrellita,Oolahan,International,519,188516,2017-09-14,false,16,HZmBQrCjIiuL,"[""ROLE_USER""]"
dgrasrd,Dannie,Gras,Ronald Regan,4,387 95,2011-09-10,true,14,X1oSWPveF1b,"[""ROLE_USER""]"
cjeppere,Catriona,Jeppe,Canary,89566,2430-024,2013-04-29,false,10,BIFJwt4Kt3X,"[""ROLE_USER""]"
ahubboldrf,Allister,Hubbold,Sachtjen,3,87504,2017-11-19,false,17,XWB9cc4u,"[""ROLE_USER""]"
jfacchinirg,Joye,Facchini,Kinsman,18739,,2015-06-04,false,7,OVR4bb9up9pc,"[""ROLE_USER""]"
jyakovitchrh,Jo ann,Yakovitch,Hazelcrest,1,67-415,2021-10-16,false,9,F08uqMu,"[""ROLE_USER""]"
ehyamsri,Erminie,Hyams,Thompson,4252,,2002-11-06,true,13,olT8JmtYrmE,"[""ROLE_USER""]"
sfahyrj,Syman,Fahy,Spaight,7,,2014-09-30,false,7,siHuhr9zq,"[""ROLE_USER""]"
ghutonrk,Gardiner,Huton,Lighthouse Bay,5031,3220-435,2018-08-28,false,15,DSj4gGPCz7C,"[""ROLE_USER""]"
salnerrl,Staford,Alner,Thompson,4,2630,2009-10-19,false,20,ND49JqCN6yP,"[""ROLE_USER""]"
tgaytorrm,Tye,Gaytor,Independence,599,,2023-03-25,true,20,jVuVGH1Cbs0,"[""ROLE_USER""]"
fcornforthrn,Fitz,Cornforth,Superior,9321,,2002-05-08,true,19,TMU4qf9G,"[""ROLE_USER""]"
dvinesro,Dorey,Vines,Hauk,7423,,2001-07-21,false,15,ZgF0E1SBmOst,"[""ROLE_USER""]"
gdifriscorp,Grantham,Di Frisco,Anthes,053,,2005-02-09,true,12,mjbduv8D,"[""ROLE_USER""]"
dgregersenrq,Dosi,Gregersen,Becker,898,,2022-10-30,true,12,U0iVkWHHf,"[""ROLE_USER""]"
cdilksrr,Cosimo,Dilks,Troy,292,11130,2006-05-29,false,10,pZAxUa,"[""ROLE_USER""]"
